feature,n_months,mean_ic,t_stat,ic_negative_share,is_significant,is_short_aligned
cash_flow_netCashProvidedByFinancingActivities_rk,156,-0.03632,-5.026,0.654,True,True
netCashProvidedByFinancingActivities_rk,156,-0.03632,-5.026,0.654,True,True
vol_3m_rk,155,-0.06344,-4.49,0.658,True,True
days_to_cover_rk,154,-0.03592,-4.46,0.656,True,True
netDividendsPaid_rk,156,-0.05167,-4.365,0.66,True,True
cash_flow_netDividendsPaid_rk,156,-0.05167,-4.365,0.66,True,True
cash_flow_commonDividendsPaid_rk,156,-0.05031,-4.309,0.667,True,True
commonDividendsPaid_rk,156,-0.05031,-4.309,0.667,True,True
vol_1m_rk,155,-0.04918,-4.267,0.645,True,True
taxBurden_rk,156,-0.02871,-4.099,0.654,True,True
ratios_netIncomePerEBT_rk,156,-0.02871,-4.099,0.654,True,True
netIncomePerEBT_rk,156,-0.02871,-4.099,0.654,True,True
key_metrics_taxBurden_rk,156,-0.02871,-4.099,0.654,True,True
amihud_rk,155,-0.04424,-3.946,0.652,True,True
balance_sheet_treasuryStock_rk,156,-0.02474,-3.777,0.603,True,True
treasuryStock_rk,156,-0.02474,-3.777,0.603,True,True
grahamNetNet_rk,156,-0.03546,-3.764,0.628,True,True
key_metrics_grahamNetNet_rk,156,-0.03546,-3.764,0.628,True,True
capexToRevenue_rk,156,-0.03302,-3.68,0.615,True,True
key_metrics_capexToRevenue_rk,156,-0.03302,-3.68,0.615,True,True
key_metrics_capexToDepreciation_rk,156,-0.02904,-3.599,0.596,True,True
capexToDepreciation_rk,156,-0.02904,-3.599,0.596,True,True
pe_rk,156,-0.03065,-2.923,0.635,True,True
netCurrentAssetValue_rk,156,-0.02445,-2.813,0.59,True,True
key_metrics_netCurrentAssetValue_rk,156,-0.02445,-2.813,0.59,True,True
netCashProvidedByInvestingActivities_rk,156,-0.02007,-2.798,0.628,True,True
cash_flow_netCashProvidedByInvestingActivities_rk,156,-0.02007,-2.798,0.628,True,True
freeCashFlowOperatingCashFlowRatio_rk,156,-0.02202,-2.788,0.603,True,True
ratios_freeCashFlowOperatingCashFlowRatio_rk,156,-0.02202,-2.788,0.603,True,True
cash_flow_commonStockRepurchased_rk,156,-0.01993,-2.773,0.609,True,True
commonStockRepurchased_rk,156,-0.01993,-2.773,0.609,True,True
netCommonStockIssuance_rk,156,-0.02025,-2.692,0.558,True,True
cash_flow_netCommonStockIssuance_rk,156,-0.02025,-2.692,0.558,True,True
stockBasedCompensationToRevenue_rk,156,-0.02066,-2.637,0.558,True,True
key_metrics_stockBasedCompensationToRevenue_rk,156,-0.02066,-2.637,0.558,True,True
netStockIssuance_rk,156,-0.01926,-2.543,0.558,True,True
cash_flow_netStockIssuance_rk,156,-0.01926,-2.543,0.558,True,True
financial_growth_weightedAverageSharesDilutedGrowth_rk,156,-0.01631,-2.525,0.59,True,True
weightedAverageSharesDilutedGrowth_rk,156,-0.01631,-2.525,0.59,True,True
key_metrics_operatingCycle_rk,156,-0.01651,-2.481,0.647,True,True
operatingCycle_rk,156,-0.01651,-2.481,0.647,True,True
ratios_currentRatio_rk,156,-0.02055,-2.46,0.571,True,True
current_ratio_rk,156,-0.02055,-2.46,0.571,True,True
currentRatio_rk,156,-0.02055,-2.46,0.571,True,True
key_metrics_currentRatio_rk,156,-0.02055,-2.46,0.571,True,True
short_pct_ff_rk,156,-0.023,-2.442,0.603,True,True
ratios_quickRatio_rk,156,-0.0191,-2.295,0.59,True,True
quickRatio_rk,156,-0.0191,-2.295,0.59,True,True
key_metrics_daysOfPayablesOutstanding_rk,156,-0.01444,-2.293,0.596,True,True
daysOfPayablesOutstanding_rk,156,-0.01444,-2.293,0.596,True,True
financial_growth_weightedAverageSharesGrowth_rk,156,-0.01551,-2.241,0.59,True,True
weightedAverageSharesGrowth_rk,156,-0.01551,-2.241,0.59,True,True
key_metrics_netDebtToEBITDA_rk,156,-0.01406,-2.101,0.538,True,True
netDebtToEBITDA_rk,156,-0.01406,-2.101,0.538,True,True
evToSales_rk,156,-0.01696,-2.081,0.551,True,True
key_metrics_evToSales_rk,156,-0.01696,-2.081,0.551,True,True
purchasesOfInvestments_rk,156,-0.01502,-2.047,0.577,True,True
cash_flow_purchasesOfInvestments_rk,156,-0.01502,-2.047,0.577,True,True
ratios_cashRatio_rk,156,-0.01878,-2.046,0.622,True,True
cashRatio_rk,156,-0.01878,-2.046,0.622,True,True
otherExpenses_rk,156,-0.01293,-2.008,0.603,True,True
income_statement_otherExpenses_rk,156,-0.01293,-2.008,0.603,True,True
acquisitionsNet_rk,156,-0.01282,-1.948,0.551,False,True
cash_flow_acquisitionsNet_rk,156,-0.01282,-1.948,0.551,False,True
si_z_12m_rk,153,-0.01541,-1.914,0.542,False,True
ratios_priceToSalesRatio_rk,156,-0.01703,-1.909,0.564,False,True
priceToSalesRatio_rk,156,-0.01703,-1.909,0.564,False,True
ps_rk,156,-0.01703,-1.909,0.564,False,True
cash_flow_otherFinancingActivities_rk,156,-0.01139,-1.869,0.564,False,True
otherFinancingActivities_rk,156,-0.01139,-1.869,0.564,False,True
cash_flow_investmentsInPropertyPlantAndEquipment_rk,156,-0.01662,-1.774,0.59,False,True
investmentsInPropertyPlantAndEquipment_rk,156,-0.01662,-1.774,0.59,False,True
ebtPerEbit_rk,156,-0.01021,-1.718,0.59,False,True
ratios_ebtPerEbit_rk,156,-0.01021,-1.718,0.59,False,True
ShortPct_rk,156,-0.01612,-1.705,0.558,False,True
key_metrics_salesGeneralAndAdministrativeToRevenue_rk,156,-0.01464,-1.683,0.558,False,True
salesGeneralAndAdministrativeToRevenue_rk,156,-0.01464,-1.683,0.558,False,True
capitalExpenditure_rk,156,-0.01544,-1.664,0.59,False,True
cash_flow_capitalExpenditure_rk,156,-0.01544,-1.664,0.59,False,True
si_percentile_12m_rk,153,-0.0131,-1.645,0.542,False,True
interestBurden_rk,156,-0.01159,-1.564,0.577,False,True
key_metrics_interestBurden_rk,156,-0.01159,-1.564,0.577,False,True
si_build_rate_1m_rk,155,-0.00925,-1.452,0.561,False,True
inventoryGrowth_rk,156,-0.00846,-1.369,0.577,False,True
financial_growth_inventoryGrowth_rk,156,-0.00846,-1.369,0.577,False,True
longTermNetDebtIssuance_rk,156,-0.00741,-1.328,0.506,False,True
cash_flow_longTermNetDebtIssuance_rk,156,-0.00741,-1.328,0.506,False,True
cash_flow_netDebtIssuance_rk,156,-0.00694,-1.276,0.545,False,True
netDebtIssuance_rk,156,-0.00694,-1.276,0.545,False,True
sgaexpensesGrowth_rk,156,-0.00771,-1.203,0.577,False,True
financial_growth_sgaexpensesGrowth_rk,156,-0.00771,-1.203,0.577,False,True
key_metrics_cashConversionCycle_rk,156,-0.00699,-1.126,0.532,False,True
cashConversionCycle_rk,156,-0.00699,-1.126,0.532,False,True
daysOfInventoryOutstanding_rk,156,-0.00863,-1.097,0.519,False,True
key_metrics_daysOfInventoryOutstanding_rk,156,-0.00863,-1.097,0.519,False,True
deferredIncomeTax_rk,156,-0.00623,-1.011,0.481,False,True
cash_flow_deferredIncomeTax_rk,156,-0.00623,-1.011,0.481,False,True
net_debt_to_ebitda_rk,156,-0.00745,-0.904,0.532,False,True
totalOtherIncomeExpensesNet_rk,156,-0.00529,-0.862,0.5,False,True
income_statement_totalOtherIncomeExpensesNet_rk,156,-0.00529,-0.862,0.5,False,True
otherAdjustmentsToNetIncome_rk,156,-0.00476,-0.771,0.564,False,True
income_statement_otherAdjustmentsToNetIncome_rk,156,-0.00476,-0.771,0.564,False,True
financial_growth_receivablesGrowth_rk,156,-0.00483,-0.696,0.494,False,True
receivablesGrowth_rk,156,-0.00483,-0.696,0.494,False,True
cash_flow_accountsReceivables_rk,156,-0.00454,-0.69,0.571,False,True
balance_sheet_prepaids_rk,156,-0.00502,-0.668,0.532,False,True
prepaids_rk,156,-0.00502,-0.668,0.532,False,True
cash_flow_stockBasedCompensation_rk,156,-0.00458,-0.626,0.487,False,True
stockBasedCompensation_rk,156,-0.00458,-0.626,0.487,False,True
cash_flow_commonStockIssuance_rk,156,-0.00406,-0.602,0.532,False,True
commonStockIssuance_rk,156,-0.00406,-0.602,0.532,False,True
cash_flow_preferredDividendsPaid_rk,156,-0.00324,-0.58,0.564,False,True
preferredDividendsPaid_rk,156,-0.00324,-0.58,0.564,False,True
accumulatedOtherComprehensiveIncomeLoss_rk,156,-0.00432,-0.576,0.526,False,True
balance_sheet_accumulatedOtherComprehensiveIncomeLoss_rk,156,-0.00432,-0.576,0.526,False,True
otherTotalStockholdersEquity_rk,156,-0.0038,-0.568,0.5,False,True
balance_sheet_otherTotalStockholdersEquity_rk,156,-0.0038,-0.568,0.5,False,True
otherInvestingActivities_rk,156,-0.00343,-0.549,0.513,False,True
cash_flow_otherInvestingActivities_rk,156,-0.00343,-0.549,0.513,False,True
income_statement_nonOperatingIncomeExcludingInterest_rk,156,-0.00271,-0.373,0.5,False,True
nonOperatingIncomeExcludingInterest_rk,156,-0.00271,-0.373,0.5,False,True
mom_1w_rk,156,-0.0033,-0.358,0.5,False,True
daysOfSalesOutstanding_rk,156,-0.00238,-0.336,0.551,False,True
key_metrics_daysOfSalesOutstanding_rk,156,-0.00238,-0.336,0.551,False,True
debtGrowth_rk,156,-0.00199,-0.328,0.538,False,True
financial_growth_debtGrowth_rk,156,-0.00199,-0.328,0.538,False,True
income_statement_netInterestIncome_rk,156,-0.00198,-0.271,0.519,False,True
netInterestIncome_rk,156,-0.00198,-0.271,0.519,False,True
income_statement_netIncomeDeductions_rk,153,-0.00143,-0.241,0.549,False,True
netIncomeDeductions_rk,153,-0.00143,-0.241,0.549,False,True
additionalPaidInCapital_rk,156,-0.00162,-0.218,0.5,False,True
balance_sheet_additionalPaidInCapital_rk,156,-0.00162,-0.218,0.5,False,True
balance_sheet_accruedExpenses_rk,156,-0.00035,-0.052,0.5,False,True
accruedExpenses_rk,156,-0.00035,-0.052,0.5,False,True
effectOfForexChangesOnCash_rk,156,0.00023,0.036,0.494,False,False
cash_flow_effectOfForexChangesOnCash_rk,156,0.00023,0.036,0.494,False,False
weightedAverageShsOutDil_rk,156,0.00082,0.091,0.532,False,False
income_statement_weightedAverageShsOutDil_rk,156,0.00082,0.091,0.532,False,False
income_statement_weightedAverageShsOut_rk,156,0.00094,0.104,0.526,False,False
weightedAverageShsOut_rk,156,0.00094,0.104,0.526,False,False
cash_flow_changeInWorkingCapital_rk,156,0.00077,0.121,0.519,False,False
changeInWorkingCapital_rk,156,0.00077,0.121,0.519,False,False
enterprise_values_numberOfShares_rk,156,0.00129,0.144,0.532,False,False
numberOfShares_rk,156,0.00129,0.144,0.532,False,False
financial_growth_fiveYShareholdersEquityGrowthPerShare_rk,156,0.00161,0.206,0.436,False,False
fiveYShareholdersEquityGrowthPerShare_rk,156,0.00161,0.206,0.436,False,False
si_persistence_rk,155,0.00186,0.262,0.452,False,False
researchAndDevelopementToRevenue_rk,156,0.00247,0.341,0.474,False,False
key_metrics_researchAndDevelopementToRevenue_rk,156,0.00247,0.341,0.474,False,False
ratios_priceToBookRatio_rk,156,0.00376,0.364,0.481,False,False
pb_rk,156,0.00376,0.364,0.481,False,False
priceToBookRatio_rk,156,0.00376,0.364,0.481,False,False
priceToFairValue_rk,156,0.00376,0.364,0.481,False,False
ratios_priceToFairValue_rk,156,0.00376,0.364,0.481,False,False
growthCapitalExpenditure_rk,156,0.0028,0.412,0.519,False,False
financial_growth_growthCapitalExpenditure_rk,156,0.0028,0.412,0.519,False,False
deferredRevenueNonCurrent_rk,156,0.00411,0.526,0.494,False,False
balance_sheet_deferredRevenueNonCurrent_rk,156,0.00411,0.526,0.494,False,False
researchAndDevelopmentExpenses_rk,156,0.00448,0.606,0.494,False,False
income_statement_researchAndDevelopmentExpenses_rk,156,0.00448,0.606,0.494,False,False
accruals_rk,156,0.006,0.638,0.519,False,False
preferredStock_rk,152,0.00473,0.669,0.5,False,False
balance_sheet_preferredStock_rk,152,0.00473,0.669,0.5,False,False
cash_flow_inventory_rk,156,0.00478,0.704,0.532,False,False
shortTermNetDebtIssuance_rk,144,0.00468,0.743,0.479,False,False
cash_flow_shortTermNetDebtIssuance_rk,144,0.00468,0.743,0.479,False,False
fiveYRevenueGrowthPerShare_rk,156,0.00679,0.898,0.481,False,False
financial_growth_fiveYRevenueGrowthPerShare_rk,156,0.00679,0.898,0.481,False,False
financial_growth_tenYShareholdersEquityGrowthPerShare_rk,156,0.00563,0.91,0.429,False,False
tenYShareholdersEquityGrowthPerShare_rk,156,0.00563,0.91,0.429,False,False
mom_1m_rk,155,0.00974,0.927,0.439,False,False
balance_sheet_shortTermInvestments_rk,156,0.00732,0.948,0.494,False,False
shortTermInvestments_rk,156,0.00732,0.948,0.494,False,False
otherNonCurrentAssets_rk,156,0.00826,1.027,0.391,False,False
balance_sheet_otherNonCurrentAssets_rk,156,0.00826,1.027,0.391,False,False
otherReceivables_rk,156,0.00814,1.065,0.41,False,False
balance_sheet_otherReceivables_rk,156,0.00814,1.065,0.41,False,False
salesMaturitiesOfInvestments_rk,156,0.00647,1.073,0.513,False,False
cash_flow_salesMaturitiesOfInvestments_rk,156,0.00647,1.073,0.513,False,False
balance_sheet_capitalLeaseObligationsCurrent_rk,156,0.01001,1.088,0.436,False,False
capitalLeaseObligationsCurrent_rk,156,0.01001,1.088,0.436,False,False
financial_growth_rdexpenseGrowth_rk,156,0.00626,1.134,0.474,False,False
rdexpenseGrowth_rk,156,0.00626,1.134,0.474,False,False
interestPaid_rk,156,0.00641,1.137,0.442,False,False
cash_flow_interestPaid_rk,156,0.00641,1.137,0.442,False,False
cash_flow_otherWorkingCapital_rk,156,0.00685,1.175,0.436,False,False
otherWorkingCapital_rk,156,0.00685,1.175,0.436,False,False
balance_sheet_capitalLeaseObligationsNonCurrent_rk,156,0.01094,1.178,0.423,False,False
capitalLeaseObligationsNonCurrent_rk,156,0.01094,1.178,0.423,False,False
capitalLeaseObligations_rk,156,0.01113,1.18,0.442,False,False
balance_sheet_capitalLeaseObligations_rk,156,0.01113,1.18,0.442,False,False
income_statement_netIncomeFromDiscontinuedOperations_rk,156,0.00679,1.199,0.436,False,False
netIncomeFromDiscontinuedOperations_rk,156,0.00679,1.199,0.436,False,False
turnover_pct_rk,155,0.01131,1.224,0.439,False,False
ratios_inventoryTurnover_rk,156,0.00877,1.234,0.468,False,False
inventoryTurnover_rk,156,0.00877,1.234,0.468,False,False
cash_flow_accountsPayables_rk,144,0.00843,1.439,0.451,False,False
accountsPayables_rk,144,0.00843,1.439,0.451,False,False
key_metrics_averageInventory_rk,156,0.01173,1.456,0.481,False,False
averageInventory_rk,156,0.01173,1.456,0.481,False,False
financial_growth_threeYShareholdersEquityGrowthPerShare_rk,156,0.01218,1.489,0.423,False,False
threeYShareholdersEquityGrowthPerShare_rk,156,0.01218,1.489,0.423,False,False
grahamNumber_rk,156,0.01495,1.516,0.423,False,False
key_metrics_grahamNumber_rk,156,0.01495,1.516,0.423,False,False
balance_sheet_deferredTaxLiabilitiesNonCurrent_rk,156,0.01334,1.522,0.429,False,False
deferredTaxLiabilitiesNonCurrent_rk,156,0.01334,1.522,0.429,False,False
netPreferredStockIssuance_rk,113,0.0092,1.571,0.478,False,False
cash_flow_netPreferredStockIssuance_rk,113,0.0092,1.571,0.478,False,False
workingCapitalTurnoverRatio_rk,156,0.01218,1.641,0.436,False,False
ratios_workingCapitalTurnoverRatio_rk,156,0.01218,1.641,0.436,False,False
asset_growth_yoy_rk,128,0.01263,1.647,0.383,False,False
financial_growth_tenYRevenueGrowthPerShare_rk,156,0.0103,1.652,0.404,False,False
balance_sheet_inventory_rk,156,0.01617,1.652,0.462,False,False
inventory_rk,156,0.01617,1.652,0.462,False,False
tenYRevenueGrowthPerShare_rk,156,0.0103,1.652,0.404,False,False
key_metrics_tangibleAssetValue_rk,156,0.01607,1.744,0.41,False,False
tangibleAssetValue_rk,156,0.01607,1.744,0.41,False,False
ratios_tangibleBookValuePerShare_rk,156,0.01478,1.82,0.449,False,False
tangibleBookValuePerShare_rk,156,0.01478,1.82,0.449,False,False
ratios_capexPerShare_rk,156,0.01496,1.864,0.462,False,False
capexPerShare_rk,156,0.01496,1.864,0.462,False,False
interestExpense_rk,156,0.01794,1.964,0.436,False,False
income_statement_interestExpense_rk,156,0.01794,1.964,0.436,False,False
propertyPlantEquipmentNet_rk,156,0.02333,1.982,0.41,False,False
balance_sheet_propertyPlantEquipmentNet_rk,156,0.02333,1.982,0.41,False,False
cfo_to_ni_rk,156,0.01658,2.024,0.41,True,False
otherNonCashItems_rk,156,0.01343,2.027,0.449,True,False
cash_flow_otherNonCashItems_rk,156,0.01343,2.027,0.449,True,False
commonStock_rk,156,0.02162,2.036,0.474,True,False
balance_sheet_commonStock_rk,156,0.02162,2.036,0.474,True,False
balance_sheet_deferredRevenue_rk,156,0.01732,2.183,0.474,True,False
deferredRevenue_rk,156,0.01732,2.183,0.474,True,False
balance_sheet_netDebt_rk,156,0.02252,2.2,0.455,True,False
netDebt_rk,156,0.02252,2.2,0.455,True,False
balance_sheet_taxPayables_rk,156,0.01919,2.214,0.417,True,False
taxPayables_rk,156,0.01919,2.214,0.417,True,False
financial_growth_tenYDividendperShareGrowthPerShare_rk,156,0.01658,2.311,0.41,True,False
tenYDividendperShareGrowthPerShare_rk,156,0.01658,2.311,0.41,True,False
balance_sheet_otherNonCurrentLiabilities_rk,156,0.02345,2.322,0.41,True,False
otherNonCurrentLiabilities_rk,156,0.02345,2.322,0.41,True,False
cashAtBeginningOfPeriod_rk,156,0.02174,2.367,0.429,True,False
cash_flow_cashAtBeginningOfPeriod_rk,156,0.02174,2.367,0.429,True,False
balance_sheet_otherAssets_rk,156,0.02182,2.429,0.436,True,False
otherAssets_rk,156,0.02182,2.429,0.436,True,False
revenue_growth_yoy_rk,156,0.01889,2.432,0.41,True,False
financial_growth_revenueGrowth_rk,156,0.01889,2.432,0.41,True,False
revenueGrowth_rk,156,0.01889,2.432,0.41,True,False
mom_3m_skip1m_rk,153,0.02967,2.444,0.412,True,False
mom_3m_rk,153,0.03092,2.524,0.412,True,False
income_statement_depreciationAndAmortization_rk,156,0.02528,2.591,0.404,True,False
depreciationAndAmortization_rk,156,0.02528,2.591,0.404,True,False
payablesTurnover_rk,156,0.01877,2.684,0.455,True,False
ratios_payablesTurnover_rk,156,0.01877,2.684,0.455,True,False
ratios_receivablesTurnover_rk,156,0.02264,2.719,0.417,True,False
receivablesTurnover_rk,156,0.02264,2.719,0.417,True,False
financial_growth_dividendsPerShareGrowth_rk,156,0.01812,2.793,0.391,True,False
dividendsPerShareGrowth_rk,156,0.01812,2.793,0.391,True,False
key_metrics_workingCapital_rk,156,0.02113,2.807,0.404,True,False
workingCapital_rk,156,0.02113,2.807,0.404,True,False
income_statement_sellingAndMarketingExpenses_rk,156,0.02321,2.834,0.397,True,False
sellingAndMarketingExpenses_rk,156,0.02321,2.834,0.397,True,False
taxAssets_rk,156,0.02705,2.845,0.436,True,False
balance_sheet_taxAssets_rk,156,0.02705,2.845,0.436,True,False
key_metrics_intangiblesToTotalAssets_rk,156,0.0303,2.863,0.429,True,False
intangiblesToTotalAssets_rk,156,0.0303,2.863,0.429,True,False
threeYRevenueGrowthPerShare_rk,156,0.02199,2.872,0.436,True,False
financial_growth_threeYRevenueGrowthPerShare_rk,156,0.02199,2.872,0.436,True,False
cash_flow_depreciationAndAmortization_rk,156,0.0282,2.886,0.391,True,False
financial_growth_assetGrowth_rk,156,0.02287,2.899,0.429,True,False
assetGrowth_rk,156,0.02287,2.899,0.429,True,False
totalInvestments_rk,156,0.02822,2.999,0.385,True,False
balance_sheet_totalInvestments_rk,156,0.02822,2.999,0.385,True,False
averagePayables_rk,156,0.02817,3.001,0.41,True,False
key_metrics_averagePayables_rk,156,0.02817,3.001,0.41,True,False
balance_sheet_otherCurrentAssets_rk,156,0.02626,3.043,0.417,True,False
otherCurrentAssets_rk,156,0.02626,3.043,0.417,True,False
debtToMarketCap_rk,156,0.02725,3.069,0.404,True,False
ratios_debtToMarketCap_rk,156,0.02725,3.069,0.404,True,False
shortTermDebt_rk,156,0.02695,3.102,0.41,True,False
balance_sheet_shortTermDebt_rk,156,0.02695,3.102,0.41,True,False
debt_equity_rk,156,0.02735,3.133,0.41,True,False
ratios_debtToEquityRatio_rk,156,0.02735,3.133,0.41,True,False
debtToEquityRatio_rk,156,0.02735,3.133,0.41,True,False
otherPayables_rk,156,0.02572,3.14,0.404,True,False
balance_sheet_otherPayables_rk,156,0.02572,3.14,0.404,True,False
balance_sheet_otherLiabilities_rk,156,0.02702,3.166,0.391,True,False
otherLiabilities_rk,156,0.02702,3.166,0.391,True,False
retainedEarnings_rk,156,0.03715,3.234,0.385,True,False
balance_sheet_retainedEarnings_rk,156,0.03715,3.234,0.385,True,False
key_metrics_marketCap_rk,156,0.03758,3.309,0.385,True,False
key_metrics_investedCapital_rk,156,0.03324,3.326,0.397,True,False
investedCapital_rk,156,0.03324,3.326,0.397,True,False
balance_sheet_totalEquity_rk,156,0.04249,3.353,0.404,True,False
totalEquity_rk,156,0.04249,3.353,0.404,True,False
cash_flow_netChangeInCash_rk,156,0.02122,3.354,0.359,True,False
netChangeInCash_rk,156,0.02122,3.354,0.359,True,False
ratios_debtToCapitalRatio_rk,156,0.02954,3.37,0.378,True,False
debtToCapitalRatio_rk,156,0.02954,3.37,0.378,True,False
cashAtEndOfPeriod_rk,156,0.03233,3.391,0.372,True,False
cash_flow_cashAtEndOfPeriod_rk,156,0.03233,3.391,0.372,True,False
balance_sheet_totalStockholdersEquity_rk,156,0.04299,3.42,0.404,True,False
totalStockholdersEquity_rk,156,0.04299,3.42,0.404,True,False
enterprise_values_enterpriseValue_rk,156,0.03864,3.429,0.365,True,False
goodwill_rk,156,0.03676,3.444,0.397,True,False
balance_sheet_goodwill_rk,156,0.03676,3.444,0.397,True,False
balance_sheet_totalNonCurrentAssets_rk,156,0.04122,3.445,0.417,True,False
totalNonCurrentAssets_rk,156,0.04122,3.445,0.417,True,False
enterprise_values_marketCapitalization_rk,156,0.03867,3.451,0.391,True,False
marketCapitalization_rk,156,0.03867,3.451,0.391,True,False
log_mktcap_rk,156,0.03932,3.478,0.378,True,False
ratios_shareholdersEquityPerShare_rk,156,0.03534,3.493,0.372,True,False
shareholdersEquityPerShare_rk,156,0.03534,3.493,0.372,True,False
totalLiabilitiesAndTotalEquity_rk,156,0.04252,3.497,0.41,True,False
balance_sheet_totalLiabilitiesAndTotalEquity_rk,156,0.04252,3.497,0.41,True,False
balance_sheet_longTermInvestments_rk,156,0.03282,3.505,0.359,True,False
longTermInvestments_rk,156,0.03282,3.505,0.359,True,False
ratios_debtToAssetsRatio_rk,156,0.02805,3.513,0.378,True,False
debtToAssetsRatio_rk,156,0.02805,3.513,0.378,True,False
balance_sheet_otherCurrentLiabilities_rk,156,0.03316,3.531,0.385,True,False
otherCurrentLiabilities_rk,156,0.03316,3.531,0.385,True,False
intangibleAssets_rk,156,0.04741,3.561,0.365,True,False
balance_sheet_intangibleAssets_rk,156,0.04741,3.561,0.365,True,False
income_statement_costOfRevenue_rk,156,0.0311,3.574,0.41,True,False
costOfRevenue_rk,156,0.0311,3.574,0.41,True,False
generalAndAdministrativeExpenses_rk,156,0.0314,3.574,0.404,True,False
income_statement_generalAndAdministrativeExpenses_rk,156,0.0314,3.574,0.404,True,False
cash_flow_incomeTaxesPaid_rk,154,0.02284,3.608,0.403,True,False
incomeTaxesPaid_rk,154,0.02284,3.608,0.403,True,False
enterpriseValue_rk,156,0.03916,3.628,0.365,True,False
key_metrics_enterpriseValue_rk,156,0.03916,3.628,0.365,True,False
financial_growth_bookValueperShareGrowth_rk,156,0.02796,3.659,0.372,True,False
bookValueperShareGrowth_rk,156,0.02796,3.659,0.372,True,False
financial_growth_grossProfitGrowth_rk,156,0.02896,3.666,0.346,True,False
grossProfitGrowth_rk,156,0.02896,3.666,0.346,True,False
addTotalDebt_rk,156,0.03673,3.668,0.423,True,False
enterprise_values_addTotalDebt_rk,156,0.03673,3.668,0.423,True,False
income_statement_interestIncome_rk,156,0.02832,3.673,0.391,True,False
interestIncome_rk,156,0.02832,3.673,0.391,True,False
minorityInterest_rk,156,0.03265,3.678,0.391,True,False
balance_sheet_minorityInterest_rk,156,0.03265,3.678,0.391,True,False
adv_aud_rk,155,0.0377,3.682,0.387,True,False
stockPrice_rk,156,0.04161,3.686,0.391,True,False
enterprise_values_stockPrice_rk,156,0.04161,3.686,0.391,True,False
ratios_bookValuePerShare_rk,156,0.03743,3.687,0.372,True,False
bookValuePerShare_rk,156,0.03743,3.687,0.372,True,False
ratios_longTermDebtToCapitalRatio_rk,156,0.03331,3.697,0.404,True,False
longTermDebtToCapitalRatio_rk,156,0.03331,3.697,0.404,True,False
totalDebt_rk,156,0.04356,3.714,0.404,True,False
balance_sheet_totalDebt_rk,156,0.04356,3.714,0.404,True,False
balance_sheet_cashAndShortTermInvestments_rk,156,0.04248,3.723,0.378,True,False
cashAndShortTermInvestments_rk,156,0.04248,3.723,0.378,True,False
mom_6m_rk,150,0.04973,3.743,0.367,True,False
priceToEarningsRatio_rk,156,0.0391,3.753,0.359,True,False
ratios_priceToEarningsRatio_rk,156,0.0391,3.753,0.359,True,False
balance_sheet_totalNonCurrentLiabilities_rk,156,0.04678,3.782,0.397,True,False
totalNonCurrentLiabilities_rk,156,0.04678,3.782,0.397,True,False
sales_yield_rk,156,0.0368,3.797,0.346,True,False
fiveYDividendperShareGrowthPerShare_rk,156,0.02558,3.811,0.333,True,False
financial_growth_fiveYDividendperShareGrowthPerShare_rk,156,0.02558,3.811,0.333,True,False
key_metrics_incomeQuality_rk,156,0.02886,3.829,0.372,True,False
incomeQuality_rk,156,0.02886,3.829,0.372,True,False
key_metrics_averageReceivables_rk,156,0.03687,3.831,0.397,True,False
averageReceivables_rk,156,0.03687,3.831,0.397,True,False
ratios_interestDebtPerShare_rk,156,0.03812,3.838,0.404,True,False
interestDebtPerShare_rk,156,0.03812,3.838,0.404,True,False
threeYDividendperShareGrowthPerShare_rk,156,0.03014,3.844,0.378,True,False
financial_growth_threeYDividendperShareGrowthPerShare_rk,156,0.03014,3.844,0.378,True,False
priceToEarningsGrowthRatio_rk,156,0.0243,3.884,0.34,True,False
forwardPriceToEarningsGrowthRatio_rk,156,0.0243,3.884,0.34,True,False
ratios_priceToEarningsGrowthRatio_rk,156,0.0243,3.884,0.34,True,False
ratios_forwardPriceToEarningsGrowthRatio_rk,156,0.0243,3.884,0.34,True,False
goodwillAndIntangibleAssets_rk,156,0.05298,3.967,0.359,True,False
balance_sheet_goodwillAndIntangibleAssets_rk,156,0.05298,3.967,0.359,True,False
balance_sheet_longTermDebt_rk,156,0.04722,3.972,0.385,True,False
longTermDebt_rk,156,0.04722,3.972,0.385,True,False
totalAssets_rk,156,0.0502,3.977,0.397,True,False
balance_sheet_totalAssets_rk,156,0.0502,3.977,0.397,True,False
income_statement_sellingGeneralAndAdministrativeExpenses_rk,156,0.042,4.033,0.359,True,False
sellingGeneralAndAdministrativeExpenses_rk,156,0.042,4.033,0.359,True,False
operatingExpenses_rk,156,0.04084,4.035,0.391,True,False
income_statement_operatingExpenses_rk,156,0.04084,4.035,0.391,True,False
dividendPayoutRatio_rk,156,0.04379,4.037,0.327,True,False
ratios_dividendPayoutRatio_rk,156,0.04379,4.037,0.327,True,False
ratios_fixedAssetTurnover_rk,156,0.04363,4.045,0.385,True,False
fixedAssetTurnover_rk,156,0.04363,4.045,0.385,True,False
capexToOperatingCashFlow_rk,156,0.03268,4.108,0.353,True,False
key_metrics_capexToOperatingCashFlow_rk,156,0.03268,4.108,0.353,True,False
totalCurrentAssets_rk,156,0.05037,4.133,0.359,True,False
balance_sheet_totalCurrentAssets_rk,156,0.05037,4.133,0.359,True,False
ratios_debtServiceCoverageRatio_rk,156,0.03456,4.135,0.34,True,False
debtServiceCoverageRatio_rk,156,0.03456,4.135,0.34,True,False
financialLeverageRatio_rk,156,0.03879,4.167,0.391,True,False
ratios_financialLeverageRatio_rk,156,0.03879,4.167,0.391,True,False
gross_margin_rk,156,0.03244,4.171,0.378,True,False
grossProfitMargin_rk,156,0.03244,4.171,0.378,True,False
ratios_grossProfitMargin_rk,156,0.03244,4.171,0.378,True,False
totalLiabilities_rk,156,0.05421,4.262,0.378,True,False
balance_sheet_totalLiabilities_rk,156,0.05421,4.262,0.378,True,False
income_statement_costAndExpenses_rk,156,0.0447,4.312,0.372,True,False
costAndExpenses_rk,156,0.0447,4.312,0.372,True,False
cashAndCashEquivalents_rk,156,0.04877,4.352,0.365,True,False
balance_sheet_cashAndCashEquivalents_rk,156,0.04877,4.352,0.365,True,False
incomeTaxExpense_rk,156,0.05007,4.379,0.321,True,False
income_statement_incomeTaxExpense_rk,156,0.05007,4.379,0.321,True,False
ev_ebitda_rk,156,0.03863,4.447,0.359,True,False
key_metrics_evToEBITDA_rk,156,0.03863,4.447,0.359,True,False
evToEBITDA_rk,156,0.03863,4.447,0.359,True,False
ratios_enterpriseValueMultiple_rk,156,0.03863,4.447,0.359,True,False
enterpriseValueMultiple_rk,156,0.03863,4.447,0.359,True,False
ratios_cashPerShare_rk,156,0.03849,4.47,0.333,True,False
cashPerShare_rk,156,0.03849,4.47,0.333,True,False
totalCurrentLiabilities_rk,156,0.05203,4.477,0.346,True,False
balance_sheet_totalCurrentLiabilities_rk,156,0.05203,4.477,0.346,True,False
balance_sheet_accountsReceivables_rk,156,0.0436,4.542,0.365,True,False
accountsReceivables_rk,156,0.0436,4.542,0.365,True,False
effectiveTaxRate_rk,156,0.03626,4.56,0.321,True,False
ratios_effectiveTaxRate_rk,156,0.03626,4.56,0.321,True,False
totalPayables_rk,156,0.04792,4.59,0.353,True,False
balance_sheet_totalPayables_rk,156,0.04792,4.59,0.353,True,False
balance_sheet_accountPayables_rk,156,0.04508,4.604,0.359,True,False
accountPayables_rk,156,0.04508,4.604,0.359,True,False
mom_12m_rk,144,0.06554,4.638,0.319,True,False
revenue_rk,156,0.05513,4.681,0.346,True,False
income_statement_revenue_rk,156,0.05513,4.681,0.346,True,False
ratios_assetTurnover_rk,156,0.04132,4.689,0.359,True,False
assetTurnover_rk,156,0.04132,4.689,0.359,True,False
ratios_dividendPerShare_rk,156,0.05503,4.692,0.321,True,False
dividendPerShare_rk,156,0.05503,4.692,0.321,True,False
ratios_dividendYield_rk,156,0.05061,4.708,0.314,True,False
dividendYield_rk,156,0.05061,4.708,0.314,True,False
dividendYieldPercentage_rk,156,0.05061,4.708,0.314,True,False
ratios_dividendYieldPercentage_rk,156,0.05061,4.708,0.314,True,False
enterprise_values_minusCashAndCashEquivalents_rk,156,0.04501,4.712,0.372,True,False
minusCashAndCashEquivalents_rk,156,0.04501,4.712,0.372,True,False
netReceivables_rk,156,0.05138,4.792,0.34,True,False
balance_sheet_netReceivables_rk,156,0.05138,4.792,0.34,True,False
ratios_revenuePerShare_rk,156,0.05516,4.963,0.295,True,False
revenuePerShare_rk,156,0.05516,4.963,0.295,True,False
operatingCashFlowGrowth_rk,156,0.03627,4.972,0.327,True,False
financial_growth_operatingCashFlowGrowth_rk,156,0.03627,4.972,0.327,True,False
interestCoverageRatio_rk,156,0.04605,4.997,0.295,True,False
ratios_interestCoverageRatio_rk,156,0.04605,4.997,0.295,True,False
interest_coverage_rk,156,0.04605,4.997,0.295,True,False
grossProfit_rk,156,0.05933,5.048,0.321,True,False
income_statement_grossProfit_rk,156,0.05933,5.048,0.321,True,False
tenYNetIncomeGrowthPerShare_rk,156,0.04511,5.091,0.34,True,False
financial_growth_tenYNetIncomeGrowthPerShare_rk,156,0.04511,5.091,0.34,True,False
cash_flow_netIncome_rk,156,0.06219,5.105,0.321,True,False
financial_growth_tenYBottomLineNetIncomeGrowthPerShare_rk,156,0.04521,5.11,0.346,True,False
tenYBottomLineNetIncomeGrowthPerShare_rk,156,0.04521,5.11,0.346,True,False
evToOperatingCashFlow_rk,156,0.04425,5.162,0.321,True,False
key_metrics_evToOperatingCashFlow_rk,156,0.04425,5.162,0.321,True,False
ratios_solvencyRatio_rk,156,0.05007,5.195,0.34,True,False
solvencyRatio_rk,156,0.05007,5.195,0.34,True,False
shortTermOperatingCashFlowCoverageRatio_rk,156,0.0407,5.207,0.353,True,False
ratios_shortTermOperatingCashFlowCoverageRatio_rk,156,0.0407,5.207,0.353,True,False
bottomLineNetIncome_rk,156,0.06545,5.228,0.314,True,False
income_statement_bottomLineNetIncome_rk,156,0.06545,5.228,0.314,True,False
drawdown_12m_rk,153,0.07797,5.24,0.307,True,False
netIncome_rk,156,0.06607,5.25,0.314,True,False
income_statement_netIncome_rk,156,0.06607,5.25,0.314,True,False
income_statement_netIncomeFromContinuingOperations_rk,156,0.06383,5.265,0.327,True,False
netIncomeFromContinuingOperations_rk,156,0.06383,5.265,0.327,True,False
incomeBeforeTax_rk,156,0.06548,5.289,0.308,True,False
income_statement_incomeBeforeTax_rk,156,0.06548,5.289,0.308,True,False
ratios_priceToOperatingCashFlowRatio_rk,156,0.04874,5.435,0.308,True,False
priceToOperatingCashFlowRatio_rk,156,0.04874,5.435,0.308,True,False
ebitda_rk,156,0.06002,5.45,0.288,True,False
income_statement_ebitda_rk,156,0.06002,5.45,0.288,True,False
income_statement_operatingIncome_rk,156,0.06335,5.494,0.308,True,False
operatingIncome_rk,156,0.06335,5.494,0.308,True,False
epsDiluted_rk,156,0.06828,5.499,0.295,True,False
income_statement_epsDiluted_rk,156,0.06828,5.499,0.295,True,False
freeCashFlowGrowth_rk,156,0.0377,5.502,0.301,True,False
financial_growth_freeCashFlowGrowth_rk,156,0.0377,5.502,0.301,True,False
eps_rk,156,0.06928,5.576,0.276,True,False
income_statement_eps_rk,156,0.06928,5.576,0.276,True,False
ratios_netIncomePerShare_rk,156,0.06962,5.624,0.269,True,False
netIncomePerShare_rk,156,0.06962,5.624,0.269,True,False
key_metrics_operatingReturnOnAssets_rk,156,0.05692,5.679,0.327,True,False
operatingReturnOnAssets_rk,156,0.05692,5.679,0.327,True,False
financial_growth_operatingIncomeGrowth_rk,156,0.04504,5.695,0.295,True,False
operatingIncomeGrowth_rk,156,0.04504,5.695,0.295,True,False
epsdilutedGrowth_rk,156,0.04586,5.749,0.321,True,False
financial_growth_epsdilutedGrowth_rk,156,0.04586,5.749,0.321,True,False
income_statement_ebit_rk,156,0.06516,5.754,0.314,True,False
ebit_rk,156,0.06516,5.754,0.314,True,False
ebitdaMargin_rk,156,0.0521,5.822,0.314,True,False
ratios_ebitdaMargin_rk,156,0.0521,5.822,0.314,True,False
ebitdaGrowth_rk,156,0.04083,5.943,0.282,True,False
financial_growth_ebitdaGrowth_rk,156,0.04083,5.943,0.282,True,False
key_metrics_returnOnInvestedCapital_rk,156,0.05984,5.957,0.288,True,False
roic_rk,156,0.05984,5.957,0.288,True,False
returnOnInvestedCapital_rk,156,0.05984,5.957,0.288,True,False
financial_growth_tenYOperatingCFGrowthPerShare_rk,156,0.03868,5.962,0.321,True,False
tenYOperatingCFGrowthPerShare_rk,156,0.03868,5.962,0.321,True,False
fiveYBottomLineNetIncomeGrowthPerShare_rk,156,0.05203,5.972,0.25,True,False
financial_growth_fiveYBottomLineNetIncomeGrowthPerShare_rk,156,0.05203,5.972,0.25,True,False
ebitgrowth_rk,156,0.0469,5.978,0.314,True,False
financial_growth_ebitgrowth_rk,156,0.0469,5.978,0.314,True,False
financial_growth_epsgrowth_rk,156,0.04721,6.011,0.321,True,False
epsgrowth_rk,156,0.04721,6.011,0.321,True,False
eps_growth_yoy_rk,156,0.04721,6.011,0.321,True,False
operating_margin_rk,156,0.06096,6.139,0.282,True,False
ratios_operatingProfitMargin_rk,156,0.06096,6.139,0.282,True,False
operatingProfitMargin_rk,156,0.06096,6.139,0.282,True,False
key_metrics_evToFreeCashFlow_rk,156,0.0549,6.174,0.282,True,False
evToFreeCashFlow_rk,156,0.0549,6.174,0.282,True,False
key_metrics_returnOnCapitalEmployed_rk,156,0.06208,6.208,0.314,True,False
returnOnCapitalEmployed_rk,156,0.06208,6.208,0.314,True,False
priceToFreeCashFlowRatio_rk,156,0.0596,6.232,0.276,True,False
ratios_priceToFreeCashFlowRatio_rk,156,0.0596,6.232,0.276,True,False
financial_growth_fiveYNetIncomeGrowthPerShare_rk,156,0.05286,6.274,0.244,True,False
fiveYNetIncomeGrowthPerShare_rk,156,0.05286,6.274,0.244,True,False
ratios_pretaxProfitMargin_rk,156,0.06517,6.318,0.263,True,False
pretaxProfitMargin_rk,156,0.06517,6.318,0.263,True,False
key_metrics_returnOnAssets_rk,156,0.06667,6.339,0.321,True,False
returnOnAssets_rk,156,0.06667,6.339,0.321,True,False
roa_rk,156,0.06667,6.339,0.321,True,False
continuousOperationsProfitMargin_rk,156,0.06467,6.349,0.256,True,False
ratios_continuousOperationsProfitMargin_rk,156,0.06467,6.349,0.256,True,False
netIncomeGrowth_rk,156,0.05014,6.374,0.314,True,False
financial_growth_netIncomeGrowth_rk,156,0.05014,6.374,0.314,True,False
bottomLineProfitMargin_rk,156,0.06695,6.388,0.269,True,False
ratios_bottomLineProfitMargin_rk,156,0.06695,6.388,0.269,True,False
ratios_ebitMargin_rk,156,0.06274,6.401,0.263,True,False
ebitMargin_rk,156,0.06274,6.401,0.263,True,False
key_metrics_returnOnTangibleAssets_rk,156,0.06767,6.448,0.301,True,False
returnOnTangibleAssets_rk,156,0.06767,6.448,0.301,True,False
operatingCashFlowCoverageRatio_rk,156,0.0577,6.479,0.256,True,False
ratios_operatingCashFlowCoverageRatio_rk,156,0.0577,6.479,0.256,True,False
returnOnEquity_rk,156,0.07012,6.493,0.314,True,False
key_metrics_returnOnEquity_rk,156,0.07012,6.493,0.314,True,False
roe_rk,156,0.07012,6.493,0.314,True,False
netProfitMargin_rk,156,0.06775,6.511,0.256,True,False
ratios_netProfitMargin_rk,156,0.06775,6.511,0.256,True,False
net_margin_rk,156,0.06775,6.511,0.256,True,False
financial_growth_fiveYOperatingCFGrowthPerShare_rk,156,0.0472,6.518,0.282,True,False
fiveYOperatingCFGrowthPerShare_rk,156,0.0472,6.518,0.282,True,False
earnings_yield_rk,156,0.07194,6.646,0.288,True,False
earningsYield_rk,156,0.07194,6.646,0.288,True,False
key_metrics_earningsYield_rk,156,0.07194,6.646,0.288,True,False
threeYBottomLineNetIncomeGrowthPerShare_rk,156,0.06099,6.757,0.301,True,False
financial_growth_threeYBottomLineNetIncomeGrowthPerShare_rk,156,0.06099,6.757,0.301,True,False
threeYNetIncomeGrowthPerShare_rk,156,0.06186,6.941,0.295,True,False
financial_growth_threeYNetIncomeGrowthPerShare_rk,156,0.06186,6.941,0.295,True,False
cash_flow_netCashProvidedByOperatingActivities_rk,156,0.06734,6.988,0.269,True,False
netCashProvidedByOperatingActivities_rk,156,0.06734,6.988,0.269,True,False
operatingCashFlow_rk,156,0.06705,6.991,0.276,True,False
cash_flow_operatingCashFlow_rk,156,0.06705,6.991,0.276,True,False
ratios_operatingCashFlowRatio_rk,156,0.06065,7.064,0.295,True,False
operatingCashFlowRatio_rk,156,0.06065,7.064,0.295,True,False
freeCashFlowToEquity_rk,156,0.06067,7.218,0.288,True,False
key_metrics_freeCashFlowToEquity_rk,156,0.06067,7.218,0.288,True,False
operatingCashFlowSalesRatio_rk,156,0.06168,7.275,0.263,True,False
ratios_operatingCashFlowSalesRatio_rk,156,0.06168,7.275,0.263,True,False
key_metrics_freeCashFlowToFirm_rk,156,0.07214,7.401,0.237,True,False
freeCashFlowToFirm_rk,156,0.07214,7.401,0.237,True,False
financial_growth_threeYOperatingCFGrowthPerShare_rk,156,0.0543,7.424,0.288,True,False
threeYOperatingCFGrowthPerShare_rk,156,0.0543,7.424,0.288,True,False
ratios_operatingCashFlowPerShare_rk,156,0.06833,7.573,0.276,True,False
operatingCashFlowPerShare_rk,156,0.06833,7.573,0.276,True,False
cash_flow_freeCashFlow_rk,156,0.07182,7.753,0.224,True,False
freeCashFlow_rk,156,0.07182,7.753,0.224,True,False
freeCashFlowPerShare_rk,156,0.07293,8.319,0.231,True,False
ratios_freeCashFlowPerShare_rk,156,0.07293,8.319,0.231,True,False
fcf_yield_rk,156,0.07352,8.355,0.244,True,False
key_metrics_freeCashFlowYield_rk,156,0.07352,8.355,0.244,True,False
freeCashFlowYield_rk,156,0.07352,8.355,0.244,True,False
ratios_capitalExpenditureCoverageRatio_rk,156,0.07449,8.631,0.199,True,False
capitalExpenditureCoverageRatio_rk,156,0.07449,8.631,0.199,True,False
dividendPaidAndCapexCoverageRatio_rk,156,0.07481,8.748,0.256,True,False
ratios_dividendPaidAndCapexCoverageRatio_rk,156,0.07481,8.748,0.256,True,False
