Ticker,Company,n_positions,avg_trade,total_pnl,worst_trade,best_trade,win_rate,avg_si
NMT,Neometals Ltd,16,0.12004992477568924,0.03185879384184108,-0.366666734963657,0.28333329297602083,0.875,1.6125
CCX,City Chic Collective,17,0.10808254779802565,0.030773898679529437,-0.16666669771075315,0.5901639440372981,0.6470588235294118,0.5852941176470587
BAP,Burson Group Ltd,6,0.2365612931828935,0.0246912679973775,-0.014285814843214784,0.5934579616259745,0.8333333333333334,7.265
CXL,Calix Limited,30,0.0486407846392961,0.024528984220003148,-0.9076923923379603,0.5201793527801637,0.5333333333333333,2.5050000000000003
SGR,The Star Ent Grp,21,0.06811282295436598,0.023732095493656517,-0.30769236941309597,0.44444442972724785,0.6666666666666666,4.358095238095238
GLL,Galilee Energy Ltd,10,0.14292699801068323,0.023718533417637175,-0.3684211248671272,0.41666665373163103,0.7,0.088
LOT,Lotus Resources Ltd,16,0.08044641701512487,0.022034665262627935,-0.3421052459290437,0.5454545418056538,0.625,7.216875
WBT,Weebit Nano Ltd,18,0.07404357377401746,0.02190334957658614,-0.27272728543953995,0.23469389244597505,0.7222222222222222,5.049444444444444
SYR,Syrah Resources,28,0.04222623099104604,0.020078224392558887,-0.4022988757741923,0.3255813717089918,0.7142857142857143,10.52107142857143
ERA,Energy Resources 'A',7,0.15772081242326502,0.018348549245066112,-0.40000007450580766,0.5714285809318627,0.7142857142857143,0.0
BOT,Botanix Pharma Ltd,12,0.07904887142864232,0.016011059117494987,-0.08333331781129005,0.46031745055605455,0.6666666666666666,2.8049999999999997
AMS,Atomos,6,0.1579675820594745,0.015870492633926172,-0.17142859879805106,0.533333308498064,0.6666666666666666,0.15666666666666665
BUB,Bubs Aust Ltd,14,0.06731942138893016,0.01581535399915987,-0.11111108351636934,0.18181818181818177,0.7142857142857143,1.1214285714285714
AD8,Audinategroupltd,10,0.0877441750844738,0.015215981254395215,-0.08179961273800784,0.2995392039236885,0.7,4.209
AQZ,Alliance Aviation,24,0.035410348879062664,0.014527410838234852,-0.08727272152613885,0.4052863281122815,0.75,0.050416666666666665
GLN,Galan Lithium Ltd,13,0.06190347842636595,0.01337728105898109,-0.5000000931322595,0.22222224981696403,0.7692307692307693,1.1007692307692307
HLS,Hillcrest Litigat.,15,0.04874485075205629,0.012673407108485728,-0.18110239553304308,0.32075465332362263,0.6666666666666666,5.097333333333334
LIC,Lifestyle Communit.,24,0.03154808437432797,0.01251345284588647,-0.10038610003068138,0.320346298006167,0.4583333333333333,8.1775
AGY,Argosy Minerals Ltd,14,0.05584046107973832,0.012399739990573234,-0.49999989043264415,0.4782608660441491,0.5714285714285714,3.39
CHN,Chalice Gold Mines,16,0.04464276504353326,0.011769222277200519,-0.5627705560685168,0.4827586123515917,0.625,5.760625
PDI,Predictive Disc Ltd,10,0.06307001827430783,0.010735898337259717,-0.1617647252177694,0.290816347631798,0.7,0.751
PEN,Peninsula Minerals,17,0.034460261476100026,0.010041212604182906,-0.45384619616898014,0.2962963330892855,0.4117647058823529,1.1641176470588235
PAR,Paradigm Bio.,13,0.04485122089840381,0.00947615052160126,-0.4499999503294647,0.2790697738890907,0.6923076923076923,0.4807692307692308
PNR,Pantoro Limited,2,0.27785085997616915,0.009265852988036831,0.27500000657404167,0.28070171337829664,1.0,0.15
HFR,Highfield Res Ltd,2,0.2773819322023487,0.009246064406744957,0.22535207247454903,0.32941179193014836,1.0,1.02
IPD,Impedimed Limited,12,0.04404144329960081,0.009127163819381954,-0.6060605957980982,0.5,0.6666666666666666,0.505
SLX,Silex Systems,26,0.020721782636806553,0.009071277635185589,-0.3079999923706054,0.337096732265618,0.5769230769230769,6.433461538461539
NUH,Nuheara Limited,11,0.048658482976623604,0.008824015903510823,-0.05555434748790877,0.28695651497867936,0.45454545454545453,0.017272727272727273
DEV,Devex Resources Ltd,21,0.025805206463144298,0.008632848323304146,-0.3666666004392862,0.23595502796144252,0.5714285714285714,0.22095238095238093
ASB,Austal Limited,10,0.047926823822327866,0.008347990707653777,-0.1413427936929439,0.2593123120105374,0.8,0.6519999999999999
MVP,Medical Developments,21,0.02306035641811809,0.00811772778004223,-0.4838709826275913,0.37500002429537105,0.6190476190476191,0.3180952380952381
COH,Cochlear Limited,2,0.21313882258207245,0.0074791144649556515,-0.0018490016229804063,0.4281266467871253,0.5,4.615
EML,Emerchants Ltd,13,0.03093767684649669,0.007446241813908473,-0.49677419652551835,0.3217391412515047,0.6153846153846154,2.576923076923077
DMP,Domino Pizza Enterpr,10,0.041153285745728165,0.007202607220762725,-0.10378642776795477,0.3296573333042696,0.5,8.881
NEU,Neuren Pharmaceut.,15,0.02694279948873625,0.006647861117117031,-0.19367904052636642,0.2305403867596152,0.6,4.4159999999999995
KAR,Karoon Gas Australia,7,0.05440040230256799,0.006377815034493922,-0.022624603683082833,0.153124407448189,0.8571428571428571,2.2028571428571424
PNV,Polynovo Limited,19,0.018230018891452694,0.005819304548617558,-0.1842105620895842,0.31578947068221364,0.5263157894736842,7.152631578947369
NVX,Novonix Limited,6,0.05679242485391952,0.0056061950037022325,-0.12676061422336438,0.22018348824525358,0.8333333333333334,4.896666666666667
RFG,Retail Food Group,4,0.07920446955218025,0.005543853390383386,-0.08163265471621939,0.26936025071037895,0.75,0.4575
AX1,Accent Group Ltd,1,0.3161853189884474,0.005451471017042196,0.3161853189884474,0.3161853189884474,1.0,4.01
MCP,Mcpherson'S Ltd,5,0.05927366954924622,0.005112498323080802,-0.05882359128509962,0.1372548905027593,0.8,0.022
GEM,G8 Education Limited,2,0.14561169090333898,0.005014657044002704,-0.02127657550770312,0.31249995731438107,0.5,3.255
NAN,Nanosonics Limited,4,0.07368414507160193,0.004975960724647151,-0.0,0.11081083258022062,0.75,7.8175
LVT,Livetiles Limited,5,0.0603030230072424,0.004965639412142374,-0.18181821260570508,0.3999999813735481,0.4,0.12
EBO,Ebos Group Ltd,5,0.05456021801057844,0.004743029987539678,0.01567229285707783,0.09411770307665324,1.0,0.44400000000000006
CXO,Core Exploration Ltd,12,0.022626673509186717,0.004652549257846791,-0.18918916741977942,0.2846153414108328,0.3333333333333333,6.283333333333334
IEL,Idp Education Ltd,1,0.2614897538893819,0.00458753954191898,0.2614897538893819,0.2614897538893819,1.0,11.57
GNC,Graincorp Limited A Class,1,0.2562499753199522,0.004418103022757796,0.2562499753199522,0.2562499753199522,1.0,3.76
TLG,Talga Resources,22,0.01252996857827159,0.004364427536935148,-0.48214282103034933,0.2866242246176286,0.6363636363636364,1.9186363636363637
VUL,Vulcan Energy,32,0.007934566564592502,0.004353678815556488,-0.6656249513383963,0.25280028465690363,0.5625,4.65625
IMM,Immutep Ltd,7,0.03654118156408522,0.004275642726838391,-0.4583333268658154,0.8753246711526517,0.7142857142857143,1.8914285714285715
CST,Castile Resources,14,0.018436416348344555,0.004260346745307023,-0.1967212804396674,0.23749997438862858,0.5714285714285714,0.002857142857142857
EDE,Eden Energy Limited,5,0.050000000000000024,0.004192522614306446,-0.33333333333333326,0.33333333333333337,0.4,0.0
S2R,S2 Resources,5,0.050592483488487015,0.004110436415932585,-0.14925369648870834,0.36000001430511475,0.6,0.0
REH,Reece Australia Ltd.,10,0.024820095349437264,0.0040419071801652,-0.06743294867390826,0.27824263056238707,0.6,2.732
ABB,Aussie Broadband,4,0.0577991323759037,0.0038429961598846546,-0.005076060329617826,0.11849714454990534,0.75,1.935
BCI,Bc Iron Limited,3,0.07582042997587395,0.003802551540497595,0.02127657550770312,0.16536836678812072,1.0,0.0
BXB,Brambles Limited,4,0.05344040762686375,0.003652347892299571,-0.11964286254094447,0.22297909833516705,0.75,0.395
CCP,Credit Corp Group,6,0.036599034651777364,0.0036232313102661845,-0.07786181421150307,0.153245119258262,0.6666666666666666,2.2916666666666665
TOE,Toro Energy Limited,13,0.015925422341001052,0.0035139984642089317,-0.4222222281091008,0.1666666356225801,0.6153846153846154,0.43076923076923074
ING,Inghams Group,4,0.050343422745119576,0.003509107351940065,-0.053191502178454586,0.17600002180504715,0.75,7.42
GRR,Grange Resources.,3,0.06901491539602218,0.0034279770879465246,-0.0,0.12371137060028603,0.6666666666666666,0.47
STX,Strike Energy Ltd,5,0.03946488215975792,0.003389439495535998,-0.045454570084564105,0.1538461273943874,0.6,4.358
ASG,Autosports Grp Ltd.,10,0.01854803301465303,0.003227942878571267,-0.2704917834234444,0.2317460582532258,0.6,0.066
SHL,Sonic Healthcare,4,0.043710993973510054,0.003007351595623804,-0.03834414366680283,0.11748539914100542,0.75,4.3625
TER,Terracom Ltd,10,0.015626286560221737,0.002733920484134067,-0.5151515459390383,0.28541376672077334,0.6,0.335
CTM,Centaurus Metals Ltd,8,0.01954818226575887,0.002678302663418619,-0.29999990065892934,0.4392523416546984,0.5,0.1875
MYX,Mayne Pharma Ltd,9,0.016937565347814862,0.0026631327103495096,-0.19573648425365375,0.15633420963406408,0.6666666666666666,1.788888888888889
MAQ,Macquarie Telecom Gp,10,0.016500917450064177,0.0026590236734206282,-0.1013794026882553,0.18493154942929557,0.4,1.735
S32,South32 Limited,6,0.025894809861883195,0.002575088640739233,-0.14243322730789254,0.185792359903853,0.5,1.4416666666666667
MGX,Mount Gibson Iron,5,0.029960165830632147,0.0024727042223866894,-0.06557370641801308,0.1369863304507548,0.6,0.776
ACR,Acrux Limited,1,0.14705889442593612,0.002450981573765602,0.14705889442593612,0.14705889442593612,1.0,0.0
NEC,Northern Energy Corp,4,0.03532434201830395,0.0024481741374276465,-0.038888919059141935,0.10693123838010588,0.5,2.8474999999999997
SBM,St Barbara Limited,13,0.009945905040751768,0.0024228814129941545,-0.5142856583303326,0.31325300685690416,0.46153846153846156,1.0146153846153845
SOL,Soul Pattinson (W.H),6,0.02347590216158459,0.002411033609798203,-0.04705563403574886,0.11608767748218096,0.6666666666666666,2.065
LOV,Lovisa Holdings Ltd,13,0.009888557516131739,0.002378948915423568,-0.11424961769738795,0.22781541313632814,0.46153846153846156,2.9376923076923074
EXR,Elixir Petroleum Ltd,13,0.010883551055930477,0.0023184837172679383,-0.43076931717833444,0.2727272342428686,0.5384615384615384,0.05846153846153846
WGX,Westgold Resources.,10,0.013411359989830974,0.0022926099242760517,-0.16334668488409188,0.17938927216147915,0.6,4.554
NHC,New Hope Corporation,2,0.05748253512607254,0.001971797854704875,0.03544688607647806,0.07951818417566703,1.0,3.5949999999999998
OFX,Ozforex Group Ltd,6,0.019562101133003957,0.0019427642833456408,-0.3200000524520874,0.20491802798135095,0.8333333333333334,0.36833333333333335
BBN,Baby Bunting Grp Ltd,20,0.004265394889099633,0.0018670564015778306,-0.2920321330798432,0.25,0.5,1.7149999999999999
IRI,Integrated Research,3,0.03597430287015687,0.0018618462800523423,-0.11688318225607719,0.16666657694530707,0.6666666666666666,0.02666666666666667
WTC,Wisetech Global Ltd,4,0.026955154996348207,0.0017412031489920676,-0.15472275882714692,0.16802133197407232,0.75,1.9749999999999999
SIG,Sigma Health Ltd,10,0.009116510447945559,0.001580722189698311,-0.04152231693513708,0.07395486597055678,0.5,2.459
PAC,Pacific Grp Ltd,3,0.030258125926216756,0.001565075478942246,-0.011673099080631077,0.09090906678270705,0.6666666666666666,0.05000000000000001
CIA,Champion Iron Ltd,4,0.022437511457920306,0.001495896346324571,-0.02094234452015864,0.04051559214862854,0.75,5.5575
BPT,Beach Energy Limited,3,0.02689651076212074,0.0013529561947183979,-0.05660373623866821,0.11044773548760356,0.6666666666666666,3.106666666666667
PBH,Pointsbet Holdings,2,0.04095757283466267,0.0013428712404807432,0.023255901635817477,0.05865924403350786,1.0,2.125
CUV,Clinuvel Pharmaceut.,12,0.0061854574420161694,0.001173334048645331,-0.16139573383254957,0.26981942864136643,0.5833333333333334,4.983333333333333
HZN,Horizon Oil Limited,4,0.017550219776261033,0.0011704777055107632,-0.08108089635481419,0.05128185128113705,0.75,0.015
FWD,Fleetwood Corp,5,0.013775705653381353,0.0011699601553127922,-0.10000008993865284,0.15000002613841967,0.4,0.42800000000000005
GWA,Gwa Group Ltd,3,0.022995269328625462,0.0011515818076395683,-0.012500051717443839,0.04429573243927054,0.6666666666666666,1.4900000000000002
CTD,Corp Travel Limited,1,0.06624823763571785,0.0011041372939286308,0.06624823763571785,0.06624823763571785,1.0,7.7
DRR,Deterra,1,0.06500000161847752,0.0010833333603079587,0.06500000161847752,0.06500000161847752,1.0,1.53
RRL,Regis Resources,1,0.056451649580749,0.0009408608263458166,0.056451649580749,0.056451649580749,1.0,2.75
VEA,Viva Energy Group,2,0.024462361905854768,0.0008583284879247286,0.01666669030736212,0.032258033504347416,1.0,1.66
WHC,Whitehaven Coal,2,0.022402665552797185,0.000844126197612236,-0.06619724316606179,0.11100257427165616,0.5,2.175
NVA,Nova Minerals Ltd,4,0.011134898828470768,0.0007804928231546398,-0.16949157336771403,0.2428571708348337,0.5,0.29000000000000004
MVF,Monash Ivf Group Ltd,9,0.004933473802576459,0.00077437872589173,-0.17518243131429578,0.13664596694688602,0.6666666666666666,2.427777777777778
AFG,Aust Finance Grp,11,0.0037014649759564496,0.0007073526266626268,-0.08090608155426726,0.09036138133587213,0.45454545454545453,1.0736363636363637
JMS,Jupiter Mines,9,0.0045780268662546485,0.0007047691225074773,-0.27586211752725864,0.1904762663669649,0.5555555555555556,0.1522222222222222
OCC,Orthocell Limited,22,0.0014264326837357172,0.0006539983611526618,-0.22727268211769514,0.21052630588288435,0.5,0.21181818181818182
HDN,Homeco Daily Needs Units,1,0.032786749029932394,0.0005557076106768202,0.032786749029932394,0.032786749029932394,1.0,0.87
BGL,Bigair Group Limited,7,0.006029603443053636,0.0005263636334032623,-0.32280705511551755,0.21397380685554412,0.5714285714285714,4.3185714285714285
ELD,Elders Limited,4,0.007353271585764487,0.000482181743328819,-0.09118543696869752,0.09749315326847174,0.5,6.297499999999999
MHJ,Michael Hill Int,1,0.027397315080268658,0.00047236750138394235,0.027397315080268658,0.027397315080268658,1.0,0.0
M7T,Mach7 Tech Limited,15,0.0021190771047041737,0.00043061401527128874,-0.3529411234363047,0.20000001402462186,0.6666666666666666,0.10800000000000001
WEB,Webjet Limited,1,0.02544033484232222,0.00041705466954626596,0.02544033484232222,0.02544033484232222,1.0,4.49
AGL,Agl Energy Limited.,2,0.012682985994837304,0.0004164032354906812,0.001021448570079908,0.0243445234195947,1.0,2.545
MMS,Mcmillan Shakespeare,2,0.010374864826826202,0.00034015950251889193,-0.003357908828530931,0.024107638482183336,0.5,3.55
RWC,Reliance Worldwide,3,0.00600056755793658,0.0003070058237276503,-0.03278693266050836,0.03149604858080879,0.6666666666666666,2.8766666666666665
QAN,Qantas Airways,6,0.002437597453701368,0.0002460264395873885,-0.042435378752134545,0.04454547350790439,0.5,0.2783333333333333
APE,A.P. Eagers Limited,5,0.0009060098269797701,0.0001903143389646374,-0.07422135090435722,0.10547892233505807,0.4,2.754
OMH,Om Holdings Limited,3,0.0033422762726080433,0.00018921279706081125,-0.12500002670529886,0.09090910817312214,0.6666666666666666,0.01
HAS,Hastings Tech Met,1,0.009708728874782357,0.00017032857675056766,0.009708728874782357,0.009708728874782357,1.0,0.0
TUA,Tuas Limited,3,0.0020899803692439787,0.00016842644442859067,-0.0694086722947751,0.0782361556643335,0.3333333333333333,0.17333333333333334
VVA,Viva Leisure Limited,5,0.0010648992574393112,7.363085297078286e-05,-0.0633803071116823,0.12225708398387725,0.2,0.0
PPC,Peet Limited,2,0.0015203100053102214,3.960034943955074e-05,-0.03749992168847105,0.04054054169909149,0.5,0.0
NXT,Nextdc Limited,1,0.0,0.0,-0.0,-0.0,0.0,9.24
REG,Regis Healthcare Ltd,1,-0.004504603910299609,-7.384596574261655e-05,-0.004504603910299609,-0.004504603910299609,0.0,0.18
HUM,Humm Group Limited,1,-0.004878082336126521,-8.267936162926307e-05,-0.004878082336126521,-0.004878082336126521,0.0,1.81
CLV,Clover Corporation,14,-0.000545150764206486,-0.00015152744905287154,-0.2592592592592593,0.32926832258670624,0.5,0.01
BKY,Berkeley Resources,2,-0.0062374609166171435,-0.00020450691529892294,-0.12676061422336438,0.11428569239013009,0.5,0.16
ALD,Allied Gold Limited,1,-0.012133762542270388,-0.0002128730270573752,-0.012133762542270388,-0.012133762542270388,0.0,1.26
TPG,Tpg Telecom Limited.,4,-0.0044916588123027346,-0.0003195470208871172,-0.08369105477027516,0.10038617338090106,0.25,0.7375
KGN,Kogan.Com Ltd,15,-0.0018769746020903606,-0.0004944982029434315,-0.26252514989133635,0.19523803212575008,0.4666666666666667,1.5093333333333334
AZJ,Aurizon Holdings Ltd,2,-0.015789458279469815,-0.0005059880088347716,-0.0526315331494871,0.021052616590547468,0.5,2.42
AAC,Australian Agricult.,2,-0.017782285451626523,-0.0005889554449461495,-0.028571486959652947,-0.006993083943600098,0.0,0.22999999999999998
SUL,Super Cheap Auto Grp,3,-0.013825192393134659,-0.0006975644533629526,-0.2473260724779469,0.14789067889043572,0.6666666666666666,2.436666666666667
TYR,Tyro Payments,7,-0.006859238480504103,-0.0007995938050066732,-0.22368420915040055,0.3505535181960001,0.42857142857142855,0.8214285714285714
NIC,Nickelmineslimited,1,-0.05109492861930498,-0.000851582143655083,-0.05109492861930498,-0.05109492861930498,0.0,2.69
SRV,Servcorp Limited,5,-0.010807730126610137,-0.0008660169175473897,-0.06389092376890493,0.06078435984919195,0.4,0.422
PLS,Pilbara Min Ltd,8,-0.005513863162798033,-0.0008825616531149463,-0.2097902338858495,0.13291141293862885,0.5,16.22
BLX,Beacon Lighting Grp,3,-0.018068569820679354,-0.0008886181879022633,-0.1097561355872414,0.05405389673995287,0.6666666666666666,0.10333333333333333
ANZ,Anz Banking Grp Ltd,3,-0.01941934706451065,-0.0009473439795853296,-0.08646154752314206,0.07539309671516115,0.3333333333333333,0.37666666666666665
NUF,Nufarm Limited,3,-0.019755860616597915,-0.0009821217512875886,-0.09465021101024806,0.056391011476448205,0.3333333333333333,3.4599999999999995
HGO,Hillgrove Res Ltd,8,-0.007934560915255032,-0.0010335923940566673,-0.2830189528012039,0.12499997671693508,0.625,0.07
IDX,Integral Diagnostics,2,-0.031145684796544615,-0.00103491258456324,-0.07389162623148393,0.011600256638394701,0.5,4.525
MSB,Mesoblast Limited,19,-0.00257491478642949,-0.0010622757017329613,-0.6486486660641764,0.2268038985513906,0.6842105263157895,5.720526315789473
IAG,Insurance Australia,4,-0.017204418158432322,-0.0011460353309777369,-0.11561561540060916,0.10824252223450781,0.5,1.1875
BOQ,Bank Of Queensland.,6,-0.012757588669387717,-0.0012732261097911386,-0.09836060141209879,0.028985544265152097,0.5,4.948333333333333
RHC,Ramsay Health Care,4,-0.018351219545831993,-0.0013197671654420098,-0.1845434039170326,0.05740524319624518,0.75,4.7
A2M,The A2 Milk Company,1,-0.08450686747988811,-0.0014323197877947138,-0.08450686747988811,-0.08450686747988811,0.0,4.44
SGM,Sims Metal Mgmt Ltd,1,-0.09337351411501182,-0.001530713346147735,-0.09337351411501182,-0.09337351411501182,0.0,3.42
NCK,Nick Scali Limited,4,-0.024508961577908717,-0.0016081412163645573,-0.08865249997752844,0.051724218065458016,0.25,4.1775
PRN,Perenti Global Ltd,2,-0.05001376218894943,-0.0017230288240615722,-0.10526312157057616,0.005235597192677299,0.5,0.74
PNI,Pinnacle Investment,4,-0.02593202042637263,-0.0017498730778259207,-0.12470863580258018,0.10863613190796995,0.5,1.825
ARB,Arb Corporation.,10,-0.01036382013620718,-0.001811852983999236,-0.1710872769878624,0.13415290566580584,0.5,4.369
DTL,Data#3 Limited,1,-0.11063223705046199,-0.0018136432303354425,-0.11063223705046199,-0.11063223705046199,0.0,3.51
RIC,Ridley Corporation,4,-0.026356756740026938,-0.0018761679034630643,-0.15200014149835872,0.04513893868482821,0.5,0.6775
IFL,Ioof Holdings Ltd,4,-0.02882079893464995,-0.0019342421424415647,-0.17351589807894907,0.0406320170008061,0.5,3.7199999999999998
AMI,Aurelia Metals Ltd,1,-0.11627902624863751,-0.0019708309533667374,-0.11627902624863751,-0.11627902624863751,0.0,0.03
AMA,Ama Group Limited,8,-0.016563711194749073,-0.002025891404051519,-0.499998770207182,0.6185946208908153,0.5,3.5325
PPT,Perpetual Limited,5,-0.024563413342550234,-0.0020898131445627136,-0.14049591893712887,0.2154613753265201,0.2,3.008
HUB,Hub24 Ltd,3,-0.04653507702120141,-0.0022886103453049877,-0.12919517989309903,0.06246166702123057,0.3333333333333333,0.6133333333333334
WOW,Woolworths Limited,4,-0.03586016164702277,-0.0025362675446151707,-0.16354228450350372,0.08471890040065899,0.25,2.13
MFG,Magellan Fin Grp Ltd,5,-0.029820336285225468,-0.002536687800729089,-0.2025610039168393,0.20846778758624906,0.4,2.682
BEN,Bendigo And Adelaide,6,-0.025247290996788647,-0.002555767141818182,-0.10479287887239241,0.01713868678070496,0.3333333333333333,2.3916666666666666
TPW,Temple & Webster Ltd,2,-0.07881552597308528,-0.002602547093904459,-0.12446358887712816,-0.03316746306904239,0.0,2.025
PPE,Peopleinfrastructure,5,-0.03219390504616455,-0.0027229246620042572,-0.12413789077831505,0.05517244157552914,0.4,0.082
ABY,Aditya Birla,22,-0.009053223899306023,-0.002784896848861686,-0.4759358200136077,0.5636363828477777,0.5,0.97
LKE,Lake Resources,24,-0.004791373884901297,-0.0028134623408459184,-1.0571427598291518,0.4,0.625,2.40875
IXR,Imx Resources Ltd,26,-0.006621768241341953,-0.0028615426878822858,-0.5000000931322595,0.4,0.4230769230769231,0.09153846153846154
IGO,Independence Group,5,-0.0348316227481259,-0.0030392040227351282,-0.30097094232978483,0.19269773678375168,0.4,7.144
SLC,Superloop Limited,2,-0.09548068139654198,-0.0031305141441489177,-0.13793111244365175,-0.053030250349432206,0.0,0.43
SFR,Sandfire Resources,4,-0.048274205008720955,-0.0032428636011285032,-0.08393955957219457,0.003189789631156903,0.25,3.685
SXL,Sthn Cross Media,13,-0.016195221541729074,-0.0034443251344471394,-0.17763156744665332,0.1384614628697588,0.38461538461538464,0.9938461538461538
MAD,Maverick Drilling,10,-0.020106985603191362,-0.003511609809690195,-0.17010943500297815,0.16023824520485697,0.5,0.647
GPR,Geopacific Resources,7,-0.031260838756290474,-0.003557671506499576,-0.4000000124176346,0.3157894375664364,0.2857142857142857,0.0014285714285714286
CBA,Commonwealth Bank.,10,-0.021280565287929598,-0.0036363659038710127,-0.18476043013281873,0.06738239706434201,0.5,1.192
INR,Ioneer Ltd,12,-0.020029439121083275,-0.0037894548552956627,-0.3939393638360391,0.30232556527727317,0.4166666666666667,4.0424999999999995
SHV,Select Harvests,23,-0.009919134767326256,-0.003892202092785518,-0.34983504660296405,0.27109978463668516,0.4782608695652174,4.518260869565218
PWH,Pwr Holdings Limited,24,-0.0094634110941399,-0.0038989105261345238,-0.2853436703662624,0.13190526917832912,0.5,6.15375
FBR,Fastbrick Robotics,11,-0.023318891857726762,-0.0041221748822112235,-0.916666653731631,0.4736842053666338,0.5454545454545454,0.3436363636363637
PPK,Ppk Group Limited,18,-0.014937991552761216,-0.00461725489447542,-0.4531250436557466,0.2148148710672083,0.5555555555555556,0.24333333333333332
DUB,Dubber Corp Ltd,27,-0.01099232904231807,-0.0047237678150541616,-0.6785713192835787,0.40625004729372227,0.5555555555555556,0.6025925925925926
ANG,Austin Engineering,7,-0.04314032802742814,-0.005039414518048507,-0.2222221488307996,0.08593746452970663,0.42857142857142855,0.19571428571428573
TLX,Telix Pharmaceutical,4,-0.07460051784452065,-0.005156793842748513,-0.3649999618530273,0.10604026605081918,0.5,13.875
CKF,Collins Foods Ltd,4,-0.07775578419162996,-0.005222749420965622,-0.2072071901356145,0.013753037620979014,0.25,2.6950000000000003
IMU,Imugene Limited,17,-0.01959371513210968,-0.005341822161365606,-1.0487803710025552,0.3100000322566304,0.6470588235294118,4.738235294117647
AIS,Aeris Resources Ltd,16,-0.01691882029304747,-0.005358179787632651,-1.1111111405455043,0.3157915170785819,0.5625,1.2575
BVS,Bravura Solution Ltd,2,-0.1689697536952064,-0.0055399919244329965,-0.41176499772101116,0.07382549033059838,0.5,0.77
BRU,Buru Energy,4,-0.08979990949706182,-0.005888518655545038,-0.250000020246143,0.060000046193599,0.5,0.02
PPS,Praemium Limited,6,-0.058445390285934394,-0.005915142241668446,-0.14666663383476708,0.07291661622365375,0.3333333333333333,0.5866666666666667
IRE,Iress Market Tech.,3,-0.12000507744839188,-0.006002680160957304,-0.3611585445613874,0.009732373639707359,0.3333333333333333,2.483333333333333
AGI,Ainsworth Game Tech.,5,-0.07326421596814292,-0.006284509893875858,-0.3270142613865499,0.11344546485810492,0.2,0.16599999999999998
BGA,Bega Cheese Ltd,10,-0.03905484365217814,-0.006383199924335028,-0.14682529380525988,0.08177172545681732,0.4,2.8
PDN,Paladin Energy Ltd,19,-0.023240499804742656,-0.007209621003405486,-0.24873093547023495,0.32951757022177963,0.3684210526315789,7.300526315789474
WAF,West African Res Ltd,9,-0.047617372814643955,-0.007301184106379538,-0.17682924657475008,0.22261480318250904,0.2222222222222222,1.1144444444444443
BMN,Bannerman Resources,15,-0.030392857081759095,-0.007334441537184438,-0.32167836015361817,0.24731184339396484,0.4666666666666667,2.5193333333333334
MYS,Mystate Limited,22,-0.020065344104865032,-0.007429493594712235,-0.1230282207624882,0.05178003759473404,0.3181818181818182,0.25
EVN,Evolution Mining Ltd,15,-0.03134590149982165,-0.007847631553262895,-0.16427658464902506,0.19949491445637113,0.3333333333333333,1.09
PET,Phoslock Env Tec Ltd,3,-0.16365005639081698,-0.008048363429056574,-0.5294117131447738,0.03846154397232282,0.3333333333333333,0.0
AEF,Australian Ethical,8,-0.06242600674432565,-0.00819398723843464,-0.208849202999976,0.1296623977970226,0.375,0.37375
FML,Focus Minerals Ltd,7,-0.07562295716630786,-0.008607211541331069,-0.407407333821429,0.2519230293098974,0.42857142857142855,0.0014285714285714286
MP1,Megaport Limited,5,-0.11361183263582109,-0.009312445298018123,-0.3051642356927593,0.09712229629683633,0.2,7.328
BOE,Boss Resources Ltd,8,-0.07135067626107736,-0.009350170861623059,-0.35542171400125344,0.15193369328831918,0.5,11.635
MIN,Mineral Resources.,24,-0.022355000017623514,-0.009399591996808709,-0.5230914580889787,0.3507718873165895,0.375,9.491666666666667
WGN,Wagners Hld Company,6,-0.09153698427884403,-0.009533164353040639,-0.311111073827548,0.1357757878732292,0.3333333333333333,0.37833333333333335
SVL,Silver Mines Limited,11,-0.05266957167716029,-0.009584679139643936,-0.3750000232830648,0.23809523133734167,0.45454545454545453,0.6454545454545454
DYL,Deep Yellow Limited,13,-0.04512036540517535,-0.009754924551220475,-0.38461539872299344,0.1854103046105371,0.5384615384615384,5.849230769230768
ALC,Alcidion Group Ltd,6,-0.10452718534701817,-0.01031069035313703,-0.5208332977619854,0.1724137620962749,0.3333333333333333,0.021666666666666667
ADH,Adairs Limited,4,-0.16073120742380745,-0.010824298677378868,-0.42477817093653747,0.039325805033903705,0.25,2.355
ARU,Arafura Resource Ltd,18,-0.03634436257336001,-0.010890519166739658,-0.3793104050700946,0.1538460891862804,0.5,4.226111111111111
MME,Moneyme Limited,14,-0.04803809302075712,-0.010968886755537626,-0.6891891674197794,0.157894669766239,0.5714285714285714,0.002857142857142857
88E,88 Energy Ltd,11,-0.06666666352086613,-0.01198442412433111,-1.0,0.3999999761581421,0.2727272727272727,0.02909090909090909
ASL,Ausdrill Limited,12,-0.061026046701830206,-0.012454155407243424,-0.3724489820743291,0.30111525827467556,0.4166666666666667,0.6966666666666667
LYC,Lynas Corporation,16,-0.048964962946401715,-0.013242777611731323,-0.33364408481924634,0.1313061877776126,0.4375,7.051875
ILU,Iluka Resources,30,-0.025834112101676014,-0.013592364992281353,-0.40624996871160923,0.1511627570836258,0.5,4.572666666666667
BET,Betmakers Tech Group,14,-0.05978359743105741,-0.014242243607114163,-0.38461549042245013,0.3037037552138885,0.35714285714285715,1.9935714285714285
NXL,Nuix Limited,8,-0.10946941062393366,-0.014359205503382943,-0.7764705271869399,0.1249999759658692,0.5,0.81125
EMR,Emerald Oil & Gas Nl,6,-0.14189099368542613,-0.014531324125740507,-0.2671957666951823,-0.0027100244737636725,0.0,1.9633333333333332
BRN,Brainchip Ltd,31,-0.028542995065759125,-0.014699052921028615,-1.7741935731965222,0.4,0.5483870967741935,4.072258064516129
RSG,Resolute Mining,5,-0.2046382060553556,-0.017489403872259772,-0.4806201729477335,-0.038910562509224755,0.0,0.40599999999999997
TTT,Titomic Limited,21,-0.05036057895789291,-0.017803207244605518,-0.6896551768433894,0.31578949019519265,0.5238095238095238,0.08333333333333333
CAT,Catapult Grp Int Ltd,13,-0.09938403497219522,-0.021493183409115168,-0.3589743746494789,0.048513294093390336,0.23076923076923078,0.7730769230769231
SPL,Starpharma Holdings,19,-0.06795995638789568,-0.022517490166405453,-0.7599999904632568,0.5692307515962582,0.42105263157894735,0.43473684210526314
EOS,Electro Optic Sys.,19,-0.0798621629860484,-0.025653521971463315,-1.0329669477455665,0.32455094505123006,0.5263157894736842,1.0321052631578946
LTR,Liontown Resources,19,-0.08746984019865792,-0.028388077550797898,-0.30555550036607193,0.30384615031925166,0.3157894736842105,7.366315789473685
APX,Appen Limited,25,-0.07985911337507068,-0.032522649107552905,-2.1818181448731537,0.4920634995722657,0.56,3.9295999999999998
EGR,Ecograf Limited,13,-0.16470859191238565,-0.03559594996892697,-1.6956521457444973,0.25,0.46153846153846156,0.2938461538461538
ASM,Ausstratmaterials,28,-0.08412092665274376,-0.03984580445160435,-1.3909774166523183,0.34158413095364837,0.5714285714285714,1.7117857142857142
4DX,4Dmedical Limited,20,-0.18410600670171837,-0.0634912939915609,-2.1754385359509603,0.2941176702613234,0.6,0.05
SRL,Straits Resources,30,-0.1543360526413614,-0.07841548947207636,-1.7392551270753946,0.34653462132873747,0.43333333333333335,1.3406666666666667
