model,strategy,filter,trail_months,threshold_pct,period,n_months,skipped_short_months,Sharpe,CAGR_%,MaxDD_%,hit_rate_%
naive,quintile_short,NONE,0,0,ALL,191,0,-0.294,-8.51,-82.72,47.1
naive,quintile_short,NONE,0,0,IS,156,0,-0.289,-8.79,-79.55,46.2
naive,quintile_short,NONE,0,0,OOS,35,0,-0.324,-7.22,-35.69,51.4
naive,long_short_quintile,NONE,0,0,ALL,191,0,0.624,8.16,-31.03,61.3
naive,long_short_quintile,NONE,0,0,IS,156,0,0.567,7.49,-31.03,59.6
naive,long_short_quintile,NONE,0,0,OOS,35,0,0.924,11.2,-10.81,68.6
naive,quintile_short,trail3m>5%,3,5,ALL,191,53,-0.175,-5.35,-72.43,34.0
naive,quintile_short,trail3m>5%,3,5,IS,156,44,-0.234,-7.0,-72.43,32.1
naive,quintile_short,trail3m>5%,3,5,OOS,35,9,0.246,2.34,-13.55,42.9
naive,long_short_quintile,trail3m>5%,3,5,ALL,191,53,0.514,5.35,-36.18,45.0
naive,long_short_quintile,trail3m>5%,3,5,IS,156,44,0.348,3.5,-36.18,42.9
naive,long_short_quintile,trail3m>5%,3,5,OOS,35,9,1.554,14.02,-6.3,54.3
naive,quintile_short,trail3m>10%,3,10,ALL,191,10,-0.282,-8.02,-80.32,43.5
naive,quintile_short,trail3m>10%,3,10,IS,156,9,-0.316,-9.16,-78.27,41.7
naive,quintile_short,trail3m>10%,3,10,OOS,35,1,-0.09,-2.77,-26.69,51.4
naive,long_short_quintile,trail3m>10%,3,10,ALL,191,10,0.535,6.13,-30.89,57.6
naive,long_short_quintile,trail3m>10%,3,10,IS,156,9,0.375,4.12,-30.89,55.1
naive,long_short_quintile,trail3m>10%,3,10,OOS,35,1,1.472,15.56,-8.77,68.6
naive,quintile_short,trail3m>15%,3,15,ALL,191,1,-0.29,-8.42,-82.47,47.1
naive,quintile_short,trail3m>15%,3,15,IS,156,1,-0.285,-8.69,-79.26,46.2
naive,quintile_short,trail3m>15%,3,15,OOS,35,0,-0.324,-7.22,-35.69,51.4
naive,long_short_quintile,trail3m>15%,3,15,ALL,191,1,0.572,7.05,-31.1,60.7
naive,long_short_quintile,trail3m>15%,3,15,IS,156,1,0.501,6.14,-31.1,59.0
naive,long_short_quintile,trail3m>15%,3,15,OOS,35,0,0.924,11.2,-10.81,68.6
naive,quintile_short,trail3m>20%,3,20,ALL,191,1,-0.29,-8.42,-82.47,47.1
naive,quintile_short,trail3m>20%,3,20,IS,156,1,-0.285,-8.69,-79.26,46.2
naive,quintile_short,trail3m>20%,3,20,OOS,35,0,-0.324,-7.22,-35.69,51.4
naive,long_short_quintile,trail3m>20%,3,20,ALL,191,1,0.572,7.05,-31.1,60.7
naive,long_short_quintile,trail3m>20%,3,20,IS,156,1,0.501,6.14,-31.1,59.0
naive,long_short_quintile,trail3m>20%,3,20,OOS,35,0,0.924,11.2,-10.81,68.6
naive,quintile_short,trail6m>5%,6,5,ALL,191,69,-0.258,-6.66,-74.53,28.8
naive,quintile_short,trail6m>5%,6,5,IS,156,56,-0.274,-7.34,-74.53,28.2
naive,quintile_short,trail6m>5%,6,5,OOS,35,13,-0.171,-3.58,-28.05,31.4
naive,long_short_quintile,trail6m>5%,6,5,ALL,191,69,0.308,3.01,-44.48,36.6
naive,long_short_quintile,trail6m>5%,6,5,IS,156,56,0.159,1.22,-44.48,34.6
naive,long_short_quintile,trail6m>5%,6,5,OOS,35,13,1.115,11.37,-10.63,45.7
naive,quintile_short,trail6m>10%,6,10,ALL,191,32,-0.2,-6.21,-75.58,38.2
naive,quintile_short,trail6m>10%,6,10,IS,156,28,-0.184,-6.17,-72.78,36.5
naive,quintile_short,trail6m>10%,6,10,OOS,35,4,-0.285,-6.38,-33.98,45.7
naive,long_short_quintile,trail6m>10%,6,10,ALL,191,32,0.389,4.34,-40.68,48.7
naive,long_short_quintile,trail6m>10%,6,10,IS,156,28,0.327,3.55,-40.68,46.8
naive,long_short_quintile,trail6m>10%,6,10,OOS,35,4,0.701,7.9,-13.22,57.1
naive,quintile_short,trail6m>15%,6,15,ALL,191,5,-0.284,-8.26,-81.84,46.1
naive,quintile_short,trail6m>15%,6,15,IS,156,5,-0.278,-8.5,-78.51,44.9
naive,quintile_short,trail6m>15%,6,15,OOS,35,0,-0.324,-7.22,-35.69,51.4
naive,long_short_quintile,trail6m>15%,6,15,ALL,191,5,0.604,7.81,-31.03,59.7
naive,long_short_quintile,trail6m>15%,6,15,IS,156,5,0.543,7.07,-31.03,57.7
naive,long_short_quintile,trail6m>15%,6,15,OOS,35,0,0.924,11.2,-10.81,68.6
naive,quintile_short,trail6m>20%,6,20,ALL,191,1,-0.287,-8.35,-82.25,47.1
naive,quintile_short,trail6m>20%,6,20,IS,156,1,-0.281,-8.61,-79.01,46.2
naive,quintile_short,trail6m>20%,6,20,OOS,35,0,-0.324,-7.22,-35.69,51.4
naive,long_short_quintile,trail6m>20%,6,20,ALL,191,1,0.637,8.34,-31.03,61.3
naive,long_short_quintile,trail6m>20%,6,20,IS,156,1,0.583,7.71,-31.03,59.6
naive,long_short_quintile,trail6m>20%,6,20,OOS,35,0,0.924,11.2,-10.81,68.6
ew,quintile_short,NONE,0,0,ALL,191,0,-0.202,-9.53,-86.2,46.1
ew,quintile_short,NONE,0,0,IS,156,0,-0.224,-10.71,-86.2,44.9
ew,quintile_short,NONE,0,0,OOS,35,0,-0.079,-4.08,-36.61,51.4
ew,long_short_quintile,NONE,0,0,ALL,191,0,0.577,10.19,-57.39,59.7
ew,long_short_quintile,NONE,0,0,IS,156,0,0.507,8.69,-57.39,62.2
ew,long_short_quintile,NONE,0,0,OOS,35,0,0.913,17.17,-16.55,48.6
ew,quintile_short,trail3m>5%,3,5,ALL,191,53,-0.126,-6.55,-80.65,36.1
ew,quintile_short,trail3m>5%,3,5,IS,156,44,-0.209,-9.28,-80.65,34.0
ew,quintile_short,trail3m>5%,3,5,OOS,35,9,0.471,6.66,-22.49,45.7
ew,long_short_quintile,trail3m>5%,3,5,ALL,191,53,0.48,7.31,-52.13,44.5
ew,long_short_quintile,trail3m>5%,3,5,IS,156,44,0.332,4.5,-52.13,44.9
ew,long_short_quintile,trail3m>5%,3,5,OOS,35,9,1.289,20.79,-16.34,42.9
ew,quintile_short,trail3m>10%,3,10,ALL,191,10,-0.172,-8.51,-83.04,44.0
ew,quintile_short,trail3m>10%,3,10,IS,156,9,-0.216,-10.25,-83.04,42.3
ew,quintile_short,trail3m>10%,3,10,OOS,35,1,0.09,-0.28,-35.89,51.4
ew,long_short_quintile,trail3m>10%,3,10,ALL,191,10,0.568,9.79,-51.44,57.1
ew,long_short_quintile,trail3m>10%,3,10,IS,156,9,0.462,7.54,-51.44,59.0
ew,long_short_quintile,trail3m>10%,3,10,OOS,35,1,1.092,20.43,-16.55,48.6
ew,quintile_short,trail3m>15%,3,15,ALL,191,1,-0.183,-9.0,-84.86,46.1
ew,quintile_short,trail3m>15%,3,15,IS,156,1,-0.201,-10.08,-84.86,44.9
ew,quintile_short,trail3m>15%,3,15,OOS,35,0,-0.079,-4.08,-36.61,51.4
ew,long_short_quintile,trail3m>15%,3,15,ALL,191,1,0.594,10.55,-55.14,59.7
ew,long_short_quintile,trail3m>15%,3,15,IS,156,1,0.527,9.12,-55.14,62.2
ew,long_short_quintile,trail3m>15%,3,15,OOS,35,0,0.913,17.17,-16.55,48.6
ew,quintile_short,trail3m>20%,3,20,ALL,191,1,-0.183,-9.0,-84.86,46.1
ew,quintile_short,trail3m>20%,3,20,IS,156,1,-0.201,-10.08,-84.86,44.9
ew,quintile_short,trail3m>20%,3,20,OOS,35,0,-0.079,-4.08,-36.61,51.4
ew,long_short_quintile,trail3m>20%,3,20,ALL,191,1,0.594,10.55,-55.14,59.7
ew,long_short_quintile,trail3m>20%,3,20,IS,156,1,0.527,9.12,-55.14,62.2
ew,long_short_quintile,trail3m>20%,3,20,OOS,35,0,0.913,17.17,-16.55,48.6
ew,quintile_short,trail6m>5%,6,5,ALL,191,69,-0.213,-8.29,-80.52,29.8
ew,quintile_short,trail6m>5%,6,5,IS,156,56,-0.23,-9.31,-80.52,29.5
ew,quintile_short,trail6m>5%,6,5,OOS,35,13,-0.117,-3.62,-35.05,31.4
ew,long_short_quintile,trail6m>5%,6,5,ALL,191,69,0.398,5.36,-40.18,36.6
ew,long_short_quintile,trail6m>5%,6,5,IS,156,56,0.324,4.09,-40.18,37.8
ew,long_short_quintile,trail6m>5%,6,5,OOS,35,13,0.743,11.21,-16.55,31.4
ew,quintile_short,trail6m>10%,6,10,ALL,191,32,-0.1,-6.24,-74.05,41.4
ew,quintile_short,trail6m>10%,6,10,IS,156,28,-0.116,-7.07,-74.05,40.4
ew,quintile_short,trail6m>10%,6,10,OOS,35,4,-0.008,-2.47,-33.45,45.7
ew,long_short_quintile,trail6m>10%,6,10,ALL,191,32,0.631,10.42,-43.99,50.3
ew,long_short_quintile,trail6m>10%,6,10,IS,156,28,0.529,8.34,-43.99,51.3
ew,long_short_quintile,trail6m>10%,6,10,OOS,35,4,1.082,20.2,-16.55,45.7
ew,quintile_short,trail6m>15%,6,15,ALL,191,5,-0.199,-9.33,-85.01,45.0
ew,quintile_short,trail6m>15%,6,15,IS,156,5,-0.22,-10.47,-85.01,43.6
ew,quintile_short,trail6m>15%,6,15,OOS,35,0,-0.079,-4.08,-36.61,51.4
ew,long_short_quintile,trail6m>15%,6,15,ALL,191,5,0.558,9.67,-57.44,58.1
ew,long_short_quintile,trail6m>15%,6,15,IS,156,5,0.482,8.05,-57.44,60.3
ew,long_short_quintile,trail6m>15%,6,15,OOS,35,0,0.913,17.17,-16.55,48.6
ew,quintile_short,trail6m>20%,6,20,ALL,191,1,-0.198,-9.41,-85.9,46.1
ew,quintile_short,trail6m>20%,6,20,IS,156,1,-0.218,-10.56,-85.9,44.9
ew,quintile_short,trail6m>20%,6,20,OOS,35,0,-0.079,-4.08,-36.61,51.4
ew,long_short_quintile,trail6m>20%,6,20,ALL,191,1,0.576,10.15,-57.63,59.2
ew,long_short_quintile,trail6m>20%,6,20,IS,156,1,0.505,8.64,-57.63,61.5
ew,long_short_quintile,trail6m>20%,6,20,OOS,35,0,0.913,17.17,-16.55,48.6
logit,quintile_short,NONE,0,0,ALL,154,0,-0.365,-11.34,-84.09,43.5
logit,quintile_short,NONE,0,0,IS,119,0,-0.405,-12.77,-81.91,42.0
logit,quintile_short,NONE,0,0,OOS,35,0,-0.204,-6.3,-40.93,48.6
logit,long_short_quintile,NONE,0,0,ALL,154,0,0.241,2.58,-37.56,54.5
logit,long_short_quintile,NONE,0,0,IS,119,0,0.24,2.5,-37.56,56.3
logit,long_short_quintile,NONE,0,0,OOS,35,0,0.242,2.86,-37.11,48.6
logit,quintile_short,trail3m>5%,3,5,ALL,154,41,-0.229,-7.05,-69.13,33.1
logit,quintile_short,trail3m>5%,3,5,IS,119,32,-0.342,-10.11,-69.13,30.3
logit,quintile_short,trail3m>5%,3,5,OOS,35,9,0.348,4.18,-21.35,42.9
logit,long_short_quintile,trail3m>5%,3,5,ALL,154,41,0.273,2.75,-34.82,40.9
logit,long_short_quintile,trail3m>5%,3,5,IS,119,32,0.147,1.07,-34.82,42.0
logit,long_short_quintile,trail3m>5%,3,5,OOS,35,9,0.668,8.7,-21.05,37.1
logit,quintile_short,trail3m>10%,3,10,ALL,154,9,-0.327,-10.1,-79.62,40.3
logit,quintile_short,trail3m>10%,3,10,IS,119,8,-0.386,-11.86,-76.4,37.8
logit,quintile_short,trail3m>10%,3,10,OOS,35,1,-0.088,-3.84,-40.93,48.6
logit,long_short_quintile,trail3m>10%,3,10,ALL,154,9,0.265,2.89,-37.12,52.6
logit,long_short_quintile,trail3m>10%,3,10,IS,119,8,0.258,2.65,-37.12,53.8
logit,long_short_quintile,trail3m>10%,3,10,OOS,35,1,0.287,3.7,-37.11,48.6
logit,quintile_short,trail3m>15%,3,15,ALL,154,1,-0.33,-10.45,-81.92,43.5
logit,quintile_short,trail3m>15%,3,15,IS,119,1,-0.361,-11.63,-79.45,42.0
logit,quintile_short,trail3m>15%,3,15,OOS,35,0,-0.204,-6.3,-40.93,48.6
logit,long_short_quintile,trail3m>15%,3,15,ALL,154,1,0.291,3.36,-37.2,54.5
logit,long_short_quintile,trail3m>15%,3,15,IS,119,1,0.309,3.51,-37.2,56.3
logit,long_short_quintile,trail3m>15%,3,15,OOS,35,0,0.242,2.86,-37.11,48.6
logit,quintile_short,trail3m>20%,3,20,ALL,154,1,-0.33,-10.45,-81.92,43.5
logit,quintile_short,trail3m>20%,3,20,IS,119,1,-0.361,-11.63,-79.45,42.0
logit,quintile_short,trail3m>20%,3,20,OOS,35,0,-0.204,-6.3,-40.93,48.6
logit,long_short_quintile,trail3m>20%,3,20,ALL,154,1,0.291,3.36,-37.2,54.5
logit,long_short_quintile,trail3m>20%,3,20,IS,119,1,0.309,3.51,-37.2,56.3
logit,long_short_quintile,trail3m>20%,3,20,OOS,35,0,0.242,2.86,-37.11,48.6
logit,quintile_short,trail6m>5%,6,5,ALL,154,58,-0.262,-7.58,-70.21,26.0
logit,quintile_short,trail6m>5%,6,5,IS,119,45,-0.244,-7.87,-66.51,26.1
logit,quintile_short,trail6m>5%,6,5,OOS,35,13,-0.361,-6.61,-36.29,25.7
logit,long_short_quintile,trail6m>5%,6,5,ALL,154,58,0.273,2.57,-26.71,34.4
logit,long_short_quintile,trail6m>5%,6,5,IS,119,45,0.339,3.39,-26.71,35.3
logit,long_short_quintile,trail6m>5%,6,5,OOS,35,13,0.043,-0.17,-25.66,31.4
logit,quintile_short,trail6m>10%,6,10,ALL,154,25,-0.129,-5.59,-65.72,38.3
logit,quintile_short,trail6m>10%,6,10,IS,119,21,-0.121,-5.67,-63.72,37.8
logit,quintile_short,trail6m>10%,6,10,OOS,35,4,-0.159,-5.29,-37.38,40.0
logit,long_short_quintile,trail6m>10%,6,10,ALL,154,25,0.478,6.05,-33.29,48.1
logit,long_short_quintile,trail6m>10%,6,10,IS,119,21,0.533,6.4,-28.74,48.7
logit,long_short_quintile,trail6m>10%,6,10,OOS,35,4,0.35,4.86,-33.29,45.7
logit,quintile_short,trail6m>15%,6,15,ALL,154,4,-0.336,-10.56,-82.22,42.9
logit,quintile_short,trail6m>15%,6,15,IS,119,4,-0.369,-11.78,-79.78,41.2
logit,quintile_short,trail6m>15%,6,15,OOS,35,0,-0.204,-6.3,-40.93,48.6
logit,long_short_quintile,trail6m>15%,6,15,ALL,154,4,0.256,2.82,-38.28,53.2
logit,long_short_quintile,trail6m>15%,6,15,IS,119,4,0.262,2.81,-38.28,54.6
logit,long_short_quintile,trail6m>15%,6,15,OOS,35,0,0.242,2.86,-37.11,48.6
logit,quintile_short,trail6m>20%,6,20,ALL,154,1,-0.365,-11.33,-84.07,43.5
logit,quintile_short,trail6m>20%,6,20,IS,119,1,-0.405,-12.76,-81.9,42.0
logit,quintile_short,trail6m>20%,6,20,OOS,35,0,-0.204,-6.3,-40.93,48.6
logit,long_short_quintile,trail6m>20%,6,20,ALL,154,1,0.23,2.4,-38.93,53.9
logit,long_short_quintile,trail6m>20%,6,20,IS,119,1,0.225,2.27,-38.93,55.5
logit,long_short_quintile,trail6m>20%,6,20,OOS,35,0,0.242,2.86,-37.11,48.6
